attribute_id,code,description,raw_value,formatted_value,format_value_only,format_with_unit;
1,d,gatewayID,,%s,%s,%s;
2,v,Fw Version,,%s,%s,%s;
3,build,Fw Build date,,%s,%s,%s;
4,lt,Latitude,,%.5F LAT,%.5F,%.5F LAT;
5,lg,Longitude,,%.5F LNG,%.5F,%.5F LNG;
6,vmk2,mk2 version,,%s,%s,%s;
7,vvt,VE.Bus device,,%s,%s,%s;
8,IV1,Input voltage phase 1,,%.1F V,%.1F,%.1F V;
9,IV2,Input voltage phase 2,,%.1F V,%.1F,%.1F V;
10,IV3,Input voltage phase 3,,%.1F V,%.1F,%.1F V;
11,II1,Input current phase 1,,%.1F A,%.1F,%.1F A;
12,II2,Input current phase 2,,%.1F A,%.1F,%.1F A;
13,II3,Input current phase 3,,%.1F A,%.1F,%.1F A;
14,IF1,Input frequency 1,,%.2F Hz,%.2F,%.2F Hz;
15,IF2,Input frequency 2,,%.2F Hz,%.2F,%.2F Hz;
16,IF3,Input frequency 3,,%.2F Hz,%.2F,%.2F Hz;
17,IP1,Input power 1,,%.0F W,%.0F,%.0F W;
18,IP2,Input power 2,,%.0F W,%.0F,%.0F W;
19,IP3,Input power 3,,%.0F W,%.0F,%.0F W;
20,OV1,Output voltage phase 1,,%.1F V,%.1F,%.1F V;
21,OV2,Output voltage phase 2,,%.1F V,%.1F,%.1F V;
22,OV3,Output voltage phase 3,,%.1F V,%.1F,%.1F V;
23,OI1,Output current phase 1,,%.1F A,%.1F,%.1F A;
24,OI2,Output current phase 2,,%.1F A,%.1F,%.1F A;
25,OI3,Output current phase 3,,%.1F A,%.1F,%.1F A;
26,OF,Output frequency,,%.1F Hz,%.1F,%.1F Hz;
27,AILIM,Active input current limit,,%.2F A,%.2F,%.2F A;
29,OP1,Output power 1,,%.0F W,%.0F,%.0F W;
30,OP2,Output power 2,,%.0F W,%.0F,%.0F W;
31,OP3,Output power 3,,%.0F W,%.0F,%.0F W;
32,CV,Voltage,,%.2F V,%.2F,%.2F V;
33,CI,Current,,%.1F A,%.1F,%.1F A;
34,PC,Phase count,,%d,%d,%d;
35,AI,Active input,,%s,%s,%s;
36,AA,Auxiliary output active,,%s,%s,%s;
37,LD,LEDs (?),,%d,%d,%d;
38,LDB,LEDs Blinking (?),,%d,%d,%d;
39,VSOC,VE.Bus state of charge,,%.0F %%,%.0F,%.0F %%;
40,S,VE.Bus state,,%s,%s,%s;
41,ERR,VE.Bus Error,,%s,%s,%s;
42,eT,Temperature,,%s,%s,%s;
43,eL,Low battery,,%s,%s,%s;
44,eO,Overload,,%s,%s,%s;
45,BM,Model,,%s,%s,%s;
46,BV,Firmware version,,%s,%s,%s;
47,V,Voltage,,%.2F V,%.2F,%.2F V;
48,VS,Starter battery voltage,,%.2F V,%.2F,%.2F V;
49,I,Current,,%.2F A,%.2F,%.2F A;
50,CE,Consumed Amphours,,%.2F Ah,%.2F,%.2F Ah;
51,SOC,State of charge,,%.1F %%,%.1F,%.1F %%;
52,TTG,Time to go,,%.2F h,%.2F,%.2F h;
53,Alarm,Alarm,,%s,%s,%s;
54,Relay,Relay status,,%s,%s,%s;
55,H1,Deepest discharge,,%.2F Ah,%.2F,%.2F Ah;
56,H2,Last discharge,,%.2F Ah,%.2F,%.2F Ah;
57,H3,Average discharge,,%.2F Ah,%.2F,%.2F Ah;
58,H4,Charge cycles,,%.2F,%.2F,%.2F;
59,H5,Full discharges,,%.2F,%.2F,%.2F;
60,H6,Total Ah drawn,,%.2F Ah,%.2F,%.2F Ah;
61,H7,Minimum voltage,,%.2F V,%.2F,%.2F V;
62,H8,Maximum voltage,,%.2F V,%.2F,%.2F V;
63,H9,Time since last full charge,,%.2F,%.2F,%.2F;
64,H10,Automatic syncs,,%.2F,%.2F,%.2F;
65,H11,Low voltage alarms,,%.2F,%.2F,%.2F;
66,H12,High voltage alarms,,%.2F,%.2F,%.2F;
67,H13,Low starter voltage alarms,,%.2F,%.2F,%.2F;
68,H14,High starter voltage alarms,,%.2F,%.2F,%.2F;
69,H15,Minimum starter voltage,,%.2F V,%.2F,%.2F V;
70,H16,Maximum starter voltage,,%.2F V,%.2F,%.2F V;
71,IN1,Input 1,,%s,%s,%s;
72,IN2,Input 2,,%s,%s,%s;
73,IN3,Input 3,,%s,%s,%s;
74,T1,Temperature,,%.2F °C,%.2F,%.2F °C;
75,OUT1,Output 1,,%s,%s,%s;
76,OUT2,Output 2,,%s,%s,%s;
77,FL,Fluid Level,,%d,%d,%d;
78,FTTG,Fluid Time to Go,,%d,%d,%d;
79,s,Switch Position,,%s,%s,%s;
80,ScVt,Solar charger version,,%s,%s,%s;
81,ScV,Voltage,,%.1F V,%.2F,%.1F V;
82,ScI,Current,,%.1F A,%.1F,%.1F A;
83,ScT,Battery temperature,,%.1F °C,%.1F,%.1F °C;
84,Scs,Charger on/off,,%s,%s,%s;
85,ScS,Charge state,,%s,%s,%s;
86,PVV,PV voltage,,%.1F V,%.2F,%.1F V;
87,PVI,PV current,,%.1F A,%.1F,%.1F A;
88,EqP,Equalization pending,,%s,%s,%s;
89,EqT,Equalization time remaining,,%.0F,%.0F,%.0F;
90,SRelay,Relay on the charger,,%s,%s,%s;
91,SceA_unused,Alarm condition,,%s,%s,%s;
92,SceL,Low batt. voltage alarm,,%s,%s,%s;
93,SceH,High batt. voltage alarm,,%s,%s,%s;
94,YT,Yield today,,%.2F kWh,%.2F,%.2F kWh;
95,MCPT,Maximum charge power today,,%d W,%d,%d W;
96,YY,Yield yesterday,,%.2F kWh,%.2F,%.2F kWh;
97,MCPY,Maximum charge power yesterday,,%d W,%d,%d W;
98,ScERR,Error code,,%s,%s,%s;
99,Pt,Solar Yield (delta),,%.2F kWh,%.2F,%.2F kWh;
100,Gb,Grid to battery,,%.2F kWh,%.2F,%.2F kWh;
101,Gc,Grid to consumers,,%.2F kWh,%.2F,%.2F kWh;
102,Pb,PV to battery,,%.2F kWh,%.2F,%.2F kWh;
103,Pg,PV to grid,,%.2F kWh,%.2F,%.2F kWh;
104,Pc,PV to consumers,,%.2F kWh,%.2F,%.2F kWh;
105,Bc,Battery to consumers,,%.2F kWh,%.2F,%.2F kWh;
106,ScM,Solarcharger model,,%s,%s,%s;
107,ScW,Battery watts,,%.0F W,%.0F,%.0F W;
108,Bg,Battery to grid,,%.2F kWh,%.2F,%.2F kWh;
109,gc,Genset to consumers,,%.2F kWh,%.2F,%.2F kWh;
110,gb,Genset to battery,,%.2F kWh,%.2F,%.2F kWh;
111,P,PV - AC-coupled on output L1,,%.0F W,%.0F,%.0F W;
112,Pi,PV - AC-coupled on input L1,,%.0F W,%.0F,%.0F W;
113,Pdc,PV - DC-coupled,,%.0F W,%.0F,%.0F W;
114,BSN,Serial Number,,%s,%s,%s;
115,BT,Battery temperature,,%.0F °C,%.0F,%.0F °C;
116,VM,Mid-point voltage of the battery bank,,%.2F V,%.2F,%.2F V;
117,VMD,Mid-point deviation of the battery bank,,%.1F %%,%.1F,%.1F %%;
118,ScSN,Solar charger serial number,,%s,%s,%s;
119,AL,Low voltage alarm,,%s,%s,%s;
120,AH,High voltage alarm,,%s,%s,%s;
121,ALS,Low starter-voltage alarm,,%s,%s,%s;
122,AHS,High starter-voltage alarm,,%s,%s,%s;
123,ASoc,Low state-of-charge alarm,,%s,%s,%s;
124,ALT,Low battery temperature alarm,,%s,%s,%s;
125,AHT,High battery temperature alarm,,%s,%s,%s;
126,AM,Mid-voltage alarm,,%s,%s,%s;
127,P2,PV - AC-coupled on output L2,,%.0F W,%.0F,%.0F W;
128,P3,PV - AC-coupled on output L3,,%.0F W,%.0F,%.0F W;
129,Pi2,PV - AC-coupled on input L2,,%.0F W,%.0F,%.0F W;
130,Pi3,PV - AC-coupled on input L3,,%.0F W,%.0F,%.0F W;
131,a1,AC Consumption L1,,%.0F W,%.0F,%.0F W;
132,a2,AC Consumption L2,,%.0F W,%.0F,%.0F W;
133,a3,AC Consumption L3,,%.0F W,%.0F,%.0F W;
134,g1,Grid L1,,%.0F W,%.0F,%.0F W;
135,g2,Grid L2,,%.0F W,%.0F,%.0F W;
136,g3,Grid L3,,%.0F W,%.0F,%.0F W;
137,gs1,Genset L1,,%.0F W,%.0F,%.0F W;
138,gs2,Genset L2,,%.0F W,%.0F,%.0F W;
139,gs3,Genset L3,,%.0F W,%.0F,%.0F W;
140,dc,DC System,,%.0F W,%.0F,%.0F W;
141,lc,Course,,%0.F Deg,%.0F,%0.F Deg;
142,ls,Speed,,%.2F m/s,%.2F,%.2F m/s;
143,bv,Voltage,,%.2F V,%.2F,%.2F V;
144,bs,Battery SOC,,%.1F %%,%.1F,%.1F %%;
145,ba,Battery Consumed Amphours,,%.2F Ah,%.2F,%.2F Ah;
146,bt,Battery Time to Go,,%.2F h,%.2F,%.2F h;
147,bc,Current,,%.2F A,%.2F,%.2F A;
148,ipr,Remote ip address,,%s,%s,%s;
149,ip,Local ip address,,%s,%s,%s;
150,au,Auto update,,%d,%d,%d;
151,ut,Update to,,%d,%d,%d;
152,rs,Remote support port,,Port %.0F,%.0F,Port %.0F;
153,vc,VE.Bus charge current,,%.1F A,%.1F,%.1F A;
154,rss,Remote support,,%s,%s,%s;
155,ALF,Low fused-voltage alarm,,%s,%s,%s;
156,AHF,High fused-voltage alarm,,%s,%s,%s;
157,AFB,Fuse blown alarm,,%s,%s,%s;
158,AHIT,High internal-temperature alarm,,%s,%s,%s;
159,H17,Low fused-voltage alarms,,%.0F,%.0F,%.0F;
160,H18,High fused-voltage alarms,,%.0F,%.0F,%.0F;
161,H19,Minimum fused voltage,,%.2F,%.2F,%.2F;
162,H20,Maximum fused voltage,,%.2F,%.2F,%.2F;
163,liM,BMS Model,,%s,%s,%s;
164,liV,BMS Firmware version,,%s,%s,%s;
165,liS,State,,%s,%s,%s;
166,liE,Error,,%s,%s,%s;
167,Sw,System-switch,,%s,%s,%s;
168,B,Balancing,,%s,%s,%s;
169,nB,System; number of batteries,,%.0F,%.0F,%.0F
170,BP,System; batteries parallel,,%.0F,%.0F,%.0F
171,BS,System; batteries series,,%.0F,%.0F,%.0F
172,NrC,System; number of cells per battery,,%.0F,%.0F,%.0F
173,mcV,Minimum cell voltage,,%.2F V,%.2F,%.2F V;
174,McV,Maximum cell voltage,,%.2F V,%.2F,%.2F V;
175,Se,Diagnostics; shutdowns due to error,,%.0F,%.0F,%.0F
176,Le1,Diagnostics; 1st last error,,%s,%s,%s
177,Le2,Diagnostics; 2nd last error,,%s,%s,%s
178,Le3,Diagnostics; 3rd last error,,%s,%s,%s
179,Le4,Diagnostics; 4th last error,,%s,%s,%s
180,aCh,IO; allow to charge,,%s,%s,%s
181,aD,IO; allow to discharge,,%s,%s,%s
182,eRelay,IO; external relay,,%s,%s,%s
183,liH1,History; Min cell-voltage,,%.2F V,%.2F,%.2F V
184,liH2,History; Max cell-voltage,,%.2FV,%.2F,%.2FV
185,mPr,Modem present,,%s,%s,%s;
186,mRd,Modem last reboot date time,,%s,%s,%s;
187,mS,Network status,,%s,%s,%s;
188,mN,Network name,,%s,%s,%s;
189,mSt,Signal strength,,%.0F %,%.0F,%.0F %;
190,mRA,Roaming allowed,,%s,%s,%s;
191,mSimPr,Sim-card present,,%s,%s,%s;
192,mSimPi,Sim pin required,,%s,%s,%s;
193,mRs,Modem reset reason,,%s,%s,%s;
194,mr,Motor RPM,,%.0F,%.0F,%.0F;
195,mt,Motor temperature,,%.0F °C,%.0F,%.0F °C;
196,coV,Controller DC Voltage,,%.1F V,%.1F,%.1F V;
197,coC,Controller DC Current,,%.1F A,%.1F,%.1F A;
198,coP,Controller DC Power,,%.1F W,%.1F,%.1F W;
199,coT,Controller Temperature,,%.0F °C,%.0F,%.0F °C;
200,pM,PV Inverter Model,,%s,%s,%s;
201,pV,PV Inverter Fw version,,%s,%s,%s;
202,pL,Position,,%s,%s,%s;
203,pV1,L1 Voltage,,%.1F V,%.1F,%.1F V;
204,pI1,L1 Current,,%.2F A,%.2F,%.2F A;
205,pP1,L1 Power,,%.0F W,%.0F,%.0F W;
206,pE1,L1 Energy,,%.2F kWh,%.2F,%.2F kWh;
207,pV2,L2 Voltage,,%.1F V,%.1F,%.1F V;
208,pI2,L2 Current,,%.2F A,%.2F,%.2F A;
209,pP2,L2 Power,,%.0F W,%.0F,%.0F W;
210,pE2,L2 Energy,,%.2F kWh,%.2F,%.2F kWh;
211,pV3,L3 Voltage,,%.1F V,%.1F,%.1F V;
212,pI3,L3 Current,,%.2F A,%.2F,%.2F A;
213,pP3,L3 Power,,%.0F W,%.0F,%.0F W;
214,pE3,L3 Energy,,%.2F kWh,%.2F,%.2F kWh;
215,bst,Battery state,,%s,%s,%s;
216,TO,VRM Log time offset,,%d s,%d,%d s;
217,cP,Charger model,,%s,%s,%s;
218,cF,Charger version,,%s,%s,%s;
219,cS,Charger serial number,,%s,%s,%s;
220,c0V,Output 1 - voltage,,%.2F V,%.2F,%.2F V;
221,c0I,Output 1 - current,,%.1F A,%.1F,%.1F A;
222,c0T,Output 1 - temperature,,%.0F °C,%.0F,%.0F °C;
223,c1V,Output 2 - voltage,,%.2F V,%.2F,%.2F V;
224,c1I,Output 2 - current,,%.1F A,%.1F,%.1F A;
225,c2V,Output 3 - voltage,,%.2F V,%.2F,%.2F V;
226,c2I,Output 3 - current,,%.1F A,%.1F,%.1F A;
227,cI,AC Current,,%.0F A,%.0F,%.0F A;
228,cPo,AC Power,,%.0F W,%.0F,%.0F W;
229,cIl,AC Current limit,,%.0F A,%.0F,%.0F A;
230,cM,Charger on/off,,%s,%s,%s;
231,cSt,Charge state,,%s,%s,%s;
232,cE,Error,,%s,%s,%s;
233,cR,Relay on the charger,,%s,%s,%s;
235,cAl,Low voltage alarm,,%s,%s,%s;
236,cAh,High voltage alarm,,%s,%s,%s;
237,w,Boot type,,%s,%s,%s;
238,tx,Network traffic tx,,%d B,%d,%d B;
239,rx,Network traffic rx,,%d B,%d,%d B;
240,VSH,VE.Bus hidden SOC,,%.1F %%,%.1F,%.1F %%;
241,SLs,Load state,,%s,%s,%s;
242,SLI,Load current,,%.1F A,%.1F,%.1F A;
243,bp,Battery Power,,%.0F W,%F,%.0F W;
244,H21,Discharged Energy,,%.2F kWh,%.2F,%.2F kWh;
245,H22,Charged Energy,,%.2F kWh,%.2F,%.2F kWh;
246,pS,Status,,%s,%s,%s;
247,pE,Error,,%s,%s,%s;
248,ps,Serial,,%s,%s,%s;
249,pF,Fronius device type,,%s,%s,%s;
250,tw,Two way communication,,%s,%s,%s;
251,si1,AC Input 1 ,,%s,%s,%s;
252,si2,AC Input 2,,%s,%s,%s;
253,shd,Has DC system,,%s,%s,%s;
254,vp,VE.Bus charge power,,%.0F W,%.0F,%.0F W;
255,sl,VRM Log interval,,%d s,%d,%d s;
256,vl,VRM Log mode,,%s,%s,%s;
257,al,User access level,,%s,%s,%s;
258,mb,Modbus TCP service,,%s,%s,%s;
259,od,Oceanvolt motor drive service,,%s,%s,%s;
260,ov,Oceanvolt battery service,,%s,%s,%s;
261,sb,Battery monitor setting,,%s,%s,%s;
262,dm,Demo modus on/off,,%s,%s,%s;
263,abs,Active battery service,,%s,%s,%s;
264,vvv,VE.Bus firmware version,,%s,%s,%s;
265,vvp,VE.Bus product id,,%s,%s,%s;
266,tz,Time zone,,%s,%s,%s;
267,Vp,Remote VNC port,,Port %.0F,%.0F,Port %.0F;
269,Vl,VNC Local,,%s,%s,%s;
270,Vi,VNC Internet,,%s,%s,%s;
271,sv,Synchronize VE.Bus SOC,,%s,%s,%s;
272,vid,VE.Bus ShortIDs,,%d,%d,%d;
273,SOH,State of health,,%.1F %%,%.1F,%.1F %%;
274,mvc,CVL - Charge Voltage Limit,,%.1F V,%.1F,%.1F V;
275,mdv,DVL - Discharge Voltage Limit,,%.1F V,%.1F,%.1F V;
276,mcc,CCL - Charge Current Limit,,%.1F A,%.1F,%.1F A;
277,mdc,DCL - Discharge Current Limit,,%.1F A,%.1F,%.1F A;
278,fr,Free space rootfs,,%d B,%d,%d B;
279,fd,Free space data,,%d B,%d,%d B;
280,aps1,Hub4 power setpoint phase 1,,%.0F W,%.0F,%.0F W;
281,aps2,Hub4 power setpoint phase 2,,%.0F W,%.0F,%.0F W;
282,aps3,Hub4 power setpoint phase 3,,%.0F W,%.0F,%.0F W;
283,H4LS,Hub4 low state of charge,,%s,%s,%s;
284,H4S,Hub4 sustain,,%s,%s,%s;
285,YU,User yield,,%.2F kWh,%.2F,%.2F kWh;
286,ACI,Cell Imbalance alarm,,%s,%s,%s;
287,AHC,High charge current alarm,,%s,%s,%s;
288,AHD,High discharge current alarm,,%s,%s,%s;
289,AIE,Internal Failure,,%s,%s,%s;
290,AZAT,Air temperature sensor failure,,%s,%s,%s;
291,AZBT,Battery temperature sensor failure,,%s,%s,%s;
292,AZBP,Bromide pump failure,,%s,%s,%s;
293,AZEB,Electric board failure,,%s,%s,%s;
294,AZHT,High temperature alarm,,%s,%s,%s;
295,AZHV,High voltage alarm,,%s,%s,%s;
296,AZIF,Internal failure,,%s,%s,%s;
297,AZL1,Leak 1 trip alarm,,%s,%s,%s;
298,AZL2,Leak 2 trip alarm,,%s,%s,%s;
299,AZLS,Leak sensor failure,,%s,%s,%s;
302,AZOC,Over current alarm,,%s,%s,%s;
303,AZSH,State of health alarm,,%s,%s,%s;
304,AZU,Unknown error,,%s,%s,%s;
305,AZZP,Zinc pump failure,,%s,%s,%s;
306,cRelay,Relay 1 state,,%s,%s,%s;
307,lgcb,LG circuit breaker tripped,,%s,%s,%s;
308,ZID,Product Id,,%s,%s,%s;
309,ZFV,Firmware version,,%s,%s,%s;
310,hw,Water heater,,%.0F W,%.0F,%.0F W;
311,ha,Air heater,,%.0F W,%.0F,%.0F W;
312,hx,Water heater energy,,%.2F kWh,%.2F,%.2F kWh;
313,hb,Air heater energy,,%.2F kWh,%.2F,%.2F kWh;
314,dW,Water heating,,%.2F kWh,%.2F,%.2F kWh;
315,dA,Air heating,,%.2F kWh,%.2F,%.2F kWh;
316,vmc,VE.Bus connection,,%s,%s,%s;
317,t1,Energy AcIn1 to Inverter,,%.2F kWh,%.2F,%.2F kWh;
318,t2,Energy ACIn2 to Inverter,,%.2F kWh,%.2F,%.2F kWh;
319,t3,Energy ACIn1 to AcOut,,%.2F kWh,%.2F,%.2F kWh;
320,t4,Energy ACIn2 to AcOut,,%.2F kWh,%.2F,%.2F kWh;
321,t5,Energy Inverter to AcIn1,,%.2F kWh,%.2F,%.2F kWh;
322,t6,Energy Inverter to AcIn2,,%.2F kWh,%.2F,%.2F kWh;
323,t7,Energy AcOut to AcIn1,,%.2F kWh,%.2F,%.2F kWh;
324,t8,Energy AcOut to AcIn2,,%.2F kWh,%.2F,%.2F kWh;
325,t9,Inverter To AcOut,,%.2F kWh,%.2F,%.2F kWh;
326,t10,AcOut to Inverter,,%.2F kWh,%.2F,%.2F kWh;
327,tv,Firmware version,,%s,%s,%s;
328,tc,Tank capacity,,%.3F M3,%.3F,%.3F M3;
329,tf,Tank fluid type,,%s,%s,%s;
330,tl,Tank level,,%.0F %%,%.0F,%.0F %%;
331,tr,Tank remaining fluid,,%.3F M3,%.3F,%.3F M3;
332,H4bs,ESS battery life state,,%s,%s,%s;
333,H4as,ESS battery life SOC limit,,%.1F %%,%.1F,%.1F %%;
334,H4ms,ESS Minimum SOC (unless grid fails),,%.1F %%,%.1F,%.1F %%;
335,cRelay1,CCGX Relay 2 state,,%s,%s,%s;
337,vb,VRM buffer mount state,,%s,%s,%s;
338,dH21,Discharged Energy delta,,%.2F kWh,%.2F,%.2F kWh;
339,dH22,Charged Energy delta,,%.2F kWh,%.2F,%.2F kWh;
340,dYU,User yield delta,,%.2F kWh,%.2F,%.2F kWh;
341,dpE,Energy delta,,%.2F kWh,%.2F,%.2F kWh;
342,dgb,Grid Energy from net delta,,%.2F kWh,%.2F,%.2F kWh;
343,dgs,Grid Energy to net delta,,%.2F kWh,%.2F,%.2F kWh;
344,eT1,Temperature L1,,%s,%s,%s;
345,eL1,Low battery L1,,%s,%s,%s;
346,eO1,Overload L1,,%s,%s,%s;
347,eR1,High DC Ripple L1,,%s,%s,%s;
348,eT2,Temperature L2,,%s,%s,%s;
349,eL2,Low battery L2,,%s,%s,%s;
350,eO2,Overload L2,,%s,%s,%s;
351,eR2,High DC Ripple L2,,%s,%s,%s;
352,eT3,Temperature L3,,%s,%s,%s;
353,eL3,Low battery L3,,%s,%s,%s;
354,eO3,Overload L3,,%s,%s,%s;
355,eR3,High DC Ripple L3,,%s,%s,%s;
356,pmk2,Mk2 product name,,%s,%s,%s;
357,asT0,Device 0 assistant list,,%s,%s,%s;
358,asT1,Device 1 assistant list,,%s,%s,%s;
359,asT2,Device 2 assistant list,,%s,%s,%s;
360,asT3,Device 3 assistant list,,%s,%s,%s;
361,asT4,Device 4 assistant list,,%s,%s,%s;
362,asT5,Device 5 assistant list,,%s,%s,%s;
363,asT6,Device 6 assistant list,,%s,%s,%s;
364,asT7,Device 7 assistant list,,%s,%s,%s;
365,asT8,Device 8 assistant list,,%s,%s,%s;
366,asT9,Device 9 assistant list,,%s,%s,%s;
367,asT10,Device 10 assistant list,,%s,%s,%s;
368,asT11,Device 11 assistant list,,%s,%s,%s;
369,asT12,Device 12 assistant list,,%s,%s,%s;
370,asT13,Device 13 assistant list,,%s,%s,%s;
371,asT14,Device 14 assistant list,,%s,%s,%s;
372,mq,MQTT service,,%s,%s,%s;
373,g1f,Grid L1 - Energy from net,,%.2F kWh,%.2F,%.2F kWh;
374,g2f,Grid L2 - Energy from net,,%.2F kWh,%.2F,%.2F kWh;
375,g3f,Grid L3 - Energy from net,,%.2F kWh,%.2F,%.2F kWh;
376,g1r,Grid L1 - Energy to net,,%.2F kWh,%.2F,%.2F kWh;
377,g2r,Grid L2 - Energy to net,,%.2F kWh,%.2F,%.2F kWh;
378,g3r,Grid L3 - Energy to net,,%.2F kWh,%.2F,%.2F kWh;
379,g1p,Grid L1 - Power,,%.0F W,%.0F,%.0F W;
380,g2p,Grid L2 - Power,,%.0F W,%.0F,%.0F W;
381,g3p,Grid L3 - Power,,%.0F W,%.0F,%.0F W;
382,gP,Grid meter model,,%s,%s,%s;
383,la1,load avg 1m,,%.2f,%.2f,%.2f;
384,la2,load avg 5m,,%.2f,%.2f,%.2f;
385,la3,load avg 10m,,%.2f,%.2f,%.2f;
386,mi,Productid,,%s,%s,%s;
387,mn,MachineName,,%s,%s,%s;
388,dPV,Disable PV inverter,,%d,%d,%d;
389,eTS,Temperatur sensor alarm,,%s,%s,%s;
390,eVS,Voltage sensor alarm,,%s,%s,%s;
391,tP,Product ID,,%s,%s,%s;
392,vbc,VE.Bus BMS allows battery to be charged,,%d,%d,%d;
393,vbd,VE.Bus BMS allows battery to be discharged,,%d,%d,%d;
394,vbx,VE.Bus BMS is expected,,%d,%d,%d;
395,vbe,VE.Bus BMS error,,%d,%d,%d;
396,Hcsp,Charge voltage setpoint,,%.2F V,%.2F,%.2F V;
397,iOI1,Output current,,%.1F A,%.1F,%.1F A;
398,iOV1,Output voltage,,%.1F V,%.1F,%.1F V;
399,iHT,High temperature alarm,,%s,%s,%s;
400,iHV,High battery voltage alarm,,%s,%s,%s;
401,iHVA,High AC-Out voltage alarm,,%s,%s,%s;
402,iLT,Low temperature alarm,,%s,%s,%s;
403,iLV,Low battery voltage alarm,,%s,%s,%s;
404,ilVA,Low AC-Out voltage alarm,,%s,%s,%s;
405,iO,Overload alarm,,%s,%s,%s;
406,iR,Ripple alarm,,%s,%s,%s;
407,i0V,Voltage,,%.2F V,%.2F,%.2F V;
408,iFV,Firmware version,,%s,%s,%s;
409,iM,Inverter on/off/eco,,%s,%s,%s;
410,iP,Inverter model,,%s,%s,%s;
411,iSN,Inverter serial number,,%s,%s,%s;
412,iST,Inverter state,,%s,%s,%s;
413,ca,Capacity,,%.1F Ah,%.1F,%.1F Ah;
414,GP,Generator model,,%s,%s,%s;
415,Gv,Firmware version,,%s,%s,%s;
416,GST,Status,,%s,%s,%s;
417,GE,Error,,%s,%s,%s;
418,Gas,Remote start mode,,%s,%s,%s;
419,Gel,Engine load,,%.0F %%,%.0F,%.0F %%;
420,Ges,Engine speed,,%.0F RPM,%.0F,%.0F RPM;
421,Geo,Engine operating hours,,%.0F s,%.0F,%.0F s;
422,Gct,Engine coolant temperature,,%.0F °C,%.0F,%.0F °C;
423,Gwt,Engine winding temperature,,%.0F °C,%.0F,%.0F °C;
424,Get,Engine exhaust temperature,,%.0F °C,%.0F,%.0F °C;
425,Gsv,Starter voltage,,%.2F V,%.2F,%.2F V;
426,G1v,Phase 1 voltage,,%.1F V,%.1F,%.1F V;
427,G1c,Phase 1 current,,%.1F A,%.1F,%.1F A;
428,G1p,Phase 1 power,,%.0F W,%.0F,%.0F W;
429,mcT,Minimum cell temperature,,%.0F °C,%.0F,%.0F °C;
430,McT,Maximum cell temperature,,%.0F °C,%.0F,%.0F °C;
431,G1f,Phase 1 frequency,,%.2F Hz,%.2F,%.2F Hz;
432,G2v,Phase 2 voltage,,%.1F V,%.1F,%.1F V;
433,G2c,Phase 2 current,,%.1F A,%.1F,%.1F A;
434,G2p,Phase 2 power,,%.0F W,%.0F,%.0F W;
435,G2f,Phase 2 frequency,,%.2F Hz,%.2F,%.2F Hz;
436,G3v,Phase 3 voltage,,%.1F V,%.1F,%.1F V;
437,G3c,Phase 3 current,,%.1F A,%.1F,%.1F A;
438,G3p,Phase 3 power,,%.0F W,%.0F,%.0F W;
439,G3f,Phase 3 frequency,,%.2F Hz,%.2F,%.2F Hz;
440,gaNF,Fischer Panda genset not detected at AC-inputess,,%s,%s,%s;
441,gaNG,Generator not detected at AC-input,,%s,%s,%s;
442,PVP,PV power,,%d W,%d,%d W;
443,ts,Tank status,,%s,%s,%s;
444,pLi,Power Limit,,%.0F W,%.0F,%.0F W;
445,tsP,Product ID,,%s,%s,%s;
446,tsV,Firmware version,,%s,%s,%s;
447,tsc,Temperature scale factor,,%.1F,%.1F,%.1F;
448,tso,Temperature offset,,%.0F,%.0F,%.0F;
449,tst,Temperature type,,%s,%s,%s;
450,tsT,Temperature,,%.1F °C,%.1F,%.1F °C;
451,tsS,Temperature status,,%s,%s,%s;
453,cp,Capabilities,,%s,%s,%s;
454,bol,DVCC,,%s,%s,%s;
455,Gu,Gas,,%.3F m3,%.3F,%.3F m3;
457,gm,Gas meter,,%.3F m3,%.3F,%.3F m3;
458,gi,ProductId,,%s,%s,%s;
459,AHCT,High charge temperature alarm,,%s,%s,%s;
460,ALCT,Low charge temperature alarm,,%s,%s,%s;
461,pmP,Pulse meter product id,,%s,%s,%s;
462,ma,Pulse meter aggregate,,%s,%s,%s;
463,mc,Pulse meter count,,%.0F,%.0F,%.0F;
464,diP,Digital input product id,,%s,%s,%s;
465,dia,Digital input alarm,,%s,%s,%s;
466,dis,Digital input state,,%s,%s,%s;
467,dic,Digital input count,,%.0F,%.0F,%.0F;
468,dit,Digital input type,,%s,%s,%s;
469,sca,ESS Scheduled Charging,,%s,%s,%s;
470,hp,Hung processes,,%d,%d,%d;
471,AIS,AC-Input,,%s,%s,%s;
472,ssls,#1 Low SOC; discharge disabled,,%s,%s,%s
473,ssbl,#2 BatteryLife is active,,%s,%s,%s;
474,ssdd,#4 Discharge disabled by BMS,,%s,%s,%s;
475,ssdc,#3 Charge disabled by BMS,,%s,%s,%s;
476,sssc,#5 Slow charge is active,,%s,%s,%s;
477,ssuc,#6 Charge disabled by user setting,,%s,%s,%s;
478,ssud,#7 Discharge disabled by user setting,,%s,%s,%s;
479,zp,Zombie processes,,%s,%s,%s;
480,dps,Data partition status,,%s,%s,%s;
481,rdm,VRM Log ram disk mode,,%s,%s,%s;
482,e0,Error 11 report - unit 1,,%s,%s,%s;
483,c0,Error 11 id - unit 1,,%s,%s,%s;
484,e1,Error 11 report - unit 2,,%s,%s,%s;
485,c1,Error 11 id - unit 2,,%s,%s,%s;
486,e2,Error 11 report - unit 3,,%s,%s,%s;
487,c2,Error 11 id - unit 3,,%s,%s,%s;
488,e3,Error 11 report - unit 4,,%s,%s,%s;
489,c3,Error 11 id - unit 4,,%s,%s,%s;
490,e4,Error 11 report - unit 5,,%s,%s,%s;
491,c4,Error 11 id - unit 5,,%s,%s,%s;
492,e5,Error 11 report - unit 6,,%s,%s,%s;
493,c5,Error 11 id - unit 6,,%s,%s,%s;
494,e6,Error 11 report - unit 7,,%s,%s,%s;
495,c6,Error 11 id - unit 7,,%s,%s,%s;
496,e7,Error 11 report - unit 8,,%s,%s,%s;
497,c7,Error 11 id - unit 8,,%s,%s,%s;
498,e8,Error 11 report - unit 9,,%s,%s,%s;
499,c8,Error 11 id - unit 9,,%s,%s,%s;
500,e9,Error 11 report - unit 10,,%s,%s,%s;
501,c9,Error 11 id - unit 10,,%s,%s,%s;
502,e10,Error 11 report - unit 11,,%s,%s,%s;
503,c10,Error 11 id - unit 11,,%s,%s,%s;
504,e11,Error 11 report - unit 12,,%s,%s,%s;
505,c11,Error 11 id - unit 12,,%s,%s,%s;
506,e12,Error 11 report - unit 13,,%s,%s,%s;
507,c12,Error 11 id - unit 13,,%s,%s,%s;
508,e13,Error 11 report - unit 14,,%s,%s,%s;
509,c13,Error 11 id - unit 14,,%s,%s,%s;
510,e14,Error 11 report - unit 15,,%s,%s,%s;
511,c14,Error 11 id - unit 15,,%s,%s,%s;
512,e15,Error 11 report - unit 16,,%s,%s,%s;
513,c15,Error 11 id - unit 16,,%s,%s,%s;
514,e16,Error 11 report - unit 17,,%s,%s,%s;
515,c16,Error 11 id - unit 17,,%s,%s,%s;
516,e17,Error 11 report - unit 18,,%s,%s,%s;
517,c17,Error 11 id - unit 18,,%s,%s,%s;
518,ScMm,MPPT State,,%s,%s,%s;
519,ePR,Phase rotation,,%s,%s,%s;
520,gaRC,Generator run reason,,%s,%s,%s;
521,CT,Battery temperature,,%.0F °C,%.0F,%.0F °C;
522,ALCV,Low cell voltage,,%s,%s,%s;
523,eR,High DC Ripple,,%s,%s,%s;
524,dpi,Product Id,,%s,%s,%s;
525,df,Firmware version,,%s,%s,%s;
526,dV,Voltage,,%.2F V,%.2F,%.2F V;
527,dI,Current,,%.2F A,%.2F,%.2F A;
528,dP,Power,,%.0F W,%.0F,%.0F W;
529,dO,Output state,,%s,%s,%s;
530,de,Error Flags,,%s,%s,%s;
531,To,Time off,,%.2F s,%.2F,%.2F s;
532,Tgs,Time generator,,%.2F s,%.2F,%.2F s;
533,Tg,Time grid,,%.2F s,%.2F,%.2F s;
534,Ti,Time inverting,,%.2F s,%.2F,%.2F s;
535,msP,Product Id,,%s,%s,%s;
536,msI,Solar Irradiance,,%.0F W/m²,%.0F ,%.0F W/m²;
537,msW,Wind speed,,%.2F m/s,%.2F,%.2F m/s;
538,msC,Sensor cell temperature,,%.2F °C,%.2F,%.2F °C;
539,msT,External temperature,,%.2F °C,%.2F,%.2F °C;
540,dE,Energy Total,,%.3F kWh,%.3F,%.3F kWh;
541,ddE,Energy - delta,,%.4F kWh,%.4F,%.4F kWh;
543,rsIpPort,Remote support IP and port,,%s,%s,%s;
544,q0,VE.Bus netw. error count - unit 1,,%.0F,%.0F,%.0F;
545,q1,VE.Bus netw. error count - unit 2,,%.0F,%.0F,%.0F;
546,q2,VE.Bus netw. error count - unit 3,,%.0F,%.0F,%.0F;
547,q3,VE.Bus netw. error count - unit 4,,%.0F,%.0F,%.0F;
548,q4,VE.Bus netw. error count - unit 5,,%.0F,%.0F,%.0F;
549,q5,VE.Bus netw. error count - unit 6,,%.0F,%.0F,%.0F;
550,q6,VE.Bus netw. error count - unit 7,,%.0F,%.0F,%.0F;
551,q7,VE.Bus netw. error count - unit 8,,%.0F,%.0F,%.0F;
552,q8,VE.Bus netw. error count - unit 9,,%.0F,%.0F,%.0F;
553,q9,VE.Bus netw. error count - unit 10,,%.0F,%.0F,%.0F;
554,q10,VE.Bus netw. error count - unit 11,,%.0F,%.0F,%.0F;
555,q11,VE.Bus netw. error count - unit 12,,%.0F,%.0F,%.0F;
556,ms,Machine serial number,,%s,%s,%s;
557,vcs,Charge state,,%s,%s,%s;
558,us,Update status,,%s,%s,%s;
559,Agl,Grid alarm,,%s,%s,%s;
560,shao,Has AC out system,,%s,%s,%s;
561,Pj,PV Power AC-tied on Generator L1,,%.0F W,%.0F,%.0F W;
562,Pj2,PV Power AC-tied on Generator L2,,%.0F W,%.0F,%.0F W;
563,Pj3,PV Power AC-tied on Generator L3,,%.0F W,%.0F,%.0F W;
564,i1,AC Consumption on Input L1,,%.0F W,%.0F,%.0F W;
565,i2,AC Consumption on Input L2,,%.0F W,%.0F,%.0F W;
566,i3,AC Consumption on Input L3,,%.0F W,%.0F,%.0F W;
567,o1,AC Consumption on Output L1,,%.0F W,%.0F,%.0F W;
568,o2,AC Consumption on Output L2,,%.0F W,%.0F,%.0F W;
569,o3,AC Consumption on Output L3,,%.0F W,%.0F,%.0F W;
570,st,System type,,%s,%s,%s;
571,ss,System state,,%s,%s,%s;
572,mql,MQTT Local (https),,%s,%s,%s;
573,mqli,MQTT Local (http),,%s,%s,%s;
574,pcF,Signal Frequency,,%.1F MHz,%.1F,%.1F MHz;
575,pcR,Signal RSSI,,%.0F dB,%.0F,%.0F dB;
576,pcN,Signal SNR (signal to noise ratio),,%.1F,%.1F,%.1F;
577,rtt,D-Bus Round-trip time,,%.0F ms,%.0F,%.0F ms;
578,evc,Effective charge voltage,,%.1F V,%.1F,%.1F V;
579,Amb,DVCC Multiple batteries alarm,,%s,%s,%s;
580,Af,GX Error #48 DVCC with incompatible firmware,,%s,%s,%s;
581,rt,Waiting to perform relay test,,%s,%s,%s;
582,rwgm,Run without grid meter,,%s,%s,%s;
583,ScOR,Solar charger off reason,,%s,%s,%s;
584,la,Altitude,,%.1F m,%.1F,%.1F m;
585,Bcn,Battery custom name,,%s,%s,%s;
586,Sccn,Solar charger custom name,,%s,%s,%s;
587,pcn,PV Inverter custom name,,%s,%s,%s;
588,ccn,Charger custom name,,%s,%s,%s;
589,gcn,Grid meter custom name,,%s,%s,%s;
590,icn,Inverter custom name,,%s,%s,%s;
591,Gcn,Generator custom name,,%s,%s,%s;
592,pmcn,Pulse Meter custom name,,%s,%s,%s;
593,dicn,Digital Input custom name,,%s,%s,%s;
594,iccid,SIM card identifier,,%s,%s,%s;
595,mfp,Maximum configured feed-in power,,%.0F W,%.0F,%.0F W;
596,Ab,Available batteries,,%s,%s,%s;
600,Ba,Batteries,,%s,%s,%s;
601,fcP,Product Id,,%s,%s,%s;
602,fcf,Firmware version,,%s,%s,%s;
603,fcab1,Afterburner T1,,%.0F °C,%.0F,%.0F °C;
604,fcab2,Afterburner T2,,%.0F °C,%.0F,%.0F °C;
605,fcV,DC Voltage,,%.2F V,%.2F,%.2F V;
606,fcI,DC Current,,%.1F A,%.1F,%.1F A;
607,fcp,DC Power,,%.0F W,%.0F,%.0F W;
608,fcgf1,Fuel gas flow 1,,%.1F SLPM,%.1F,%.1F SLPM;
609,fcgf2,Fuel gas flow 2,,%.1F SLPM,%.1F,%.1F SLPM;
610,fcrt1,Reformer T1,,%.0F °C,%.0F,%.0F °C;
611,fcrt2,Reformer T2,,%.0F °C,%.0F,%.0F °C;
612,fcst1,Stack T1,,%.0F °C,%.0F,%.0F °C;
613,fcst2,Stack T2,,%.0F °C,%.0F,%.0F °C;
614,fcst3,Stack T3,,%.0F °C,%.0F,%.0F °C;
615,fcst4,Stack T4,,%.0F °C,%.0F,%.0F °C;
616,fcS,Status,,%s,%s,%s;
617,fcAlp,Low fuel pressure,,%s,%s,%s;
618,fcAb,Low battery,,%s,%s,%s;
619,fcAg,Lost grid fuel cell shutdown,,%s,%s,%s;
620,fcAst,Sulfur trap,,%s,%s,%s;
621,fcAv,Vent,,%s,%s,%s;
622,fcAc,Fuel cell fault,,%s,%s,%s;
623,fcAct,Fuel cell over temp,,%s,%s,%s;
624,fcAfl,Flow limited,,%s,%s,%s;
625,fcAff,Flow fault,,%s,%s,%s;
626,fcAe,Electrical fault,,%s,%s,%s;
627,fcAt,Over temp,,%s,%s,%s;
628,fcAi,Start inhibit,,%s,%s,%s;
629,fcAs,Expedited stop,,%s,%s,%s;
630,glV,Voltage,,%.2F V,%.2F,%.2F V;
631,glT,Internal temperature,,%.0F °C,%.0F,%.0F °C;
632,glAnt,Antenna Type,,%s,%s,%s;
633,fcS1,Serial number overall system,,%s,%s,%s;
634,fcS2,Serial number stack,,%s,%s,%s;
636,hwr,Hardware revision,,%s,%s,%s;
637,tscn,Temperature custom name,,%s,%s,%s;
638,tcn,Tank custom name,,%s,%s,%s;
639,gps,Grid phase sequence,,%s,%s,%s;
640,Gps,Genset phase sequence,,%s,%s,%s;
641,o,Bad non-unique identifier,,%s,%s,%s;
642,dl,Current limit,,%.2F A,%.2F,%.2F A;
643,dss,Saved state,,%.0F,%.0F,%.0F;
644,da,24-Hour allocation,,%.2F Wh,%.2F,%.2F Wh;
645,du,24-Hour usage,,%.2F Wh,%.2F,%.2F Wh;
646,dq,Pro-rata quota,,%.2F Wh,%.2F,%.2F Wh;
647,drh,Reset hour,,%.0F,%.0F,%.0F;
648,dts,Threshold management,,%s,%s,%s;
649,eV,High DC Voltage,,%s,%s,%s;
650,eC,High DC Current,,%s,%s,%s;
651,v0,Device 0 High DC Voltage,,%s,%s,%s;
653,v1,Device 1 High DC Voltage,,%s,%s,%s;
654,v2,Device 2 High DC Voltage,,%s,%s,%s;
655,v3,Device 3 High DC Voltage,,%s,%s,%s;
656,v4,Device 4 High DC Voltage,,%s,%s,%s;
657,v5,Device 5 High DC Voltage,,%s,%s,%s;
658,v6,Device 6 High DC Voltage,,%s,%s,%s;
659,v7,Device 7 High DC Voltage,,%s,%s,%s;
660,v8,Device 8 High DC Voltage,,%s,%s,%s;
661,v9,Device 9 High DC Voltage,,%s,%s,%s;
662,v10,Device 10 High DC Voltage,,%s,%s,%s;
663,v11,Device 11 High DC Voltage,,%s,%s,%s;
664,d0,Device 0 High DC Current,,%s,%s,%s;
665,d1,Device 1 High DC Current,,%s,%s,%s;
666,d2,Device 2 High DC Current,,%s,%s,%s;
667,d3,Device 3 High DC Current,,%s,%s,%s;
668,d4,Device 4 High DC Current,,%s,%s,%s;
669,d5,Device 5 High DC Current,,%s,%s,%s;
670,d6,Device 6 High DC Current,,%s,%s,%s;
671,d7,Device 7 High DC Current,,%s,%s,%s;
672,d8,Device 8 High DC Current,,%s,%s,%s;
673,d9,Device 9 High DC Current,,%s,%s,%s;
674,d10,Device 10 High DC Current,,%s,%s,%s;
675,d11,Device 11 High DC Current,,%s,%s,%s;
676,H4m,No grid meter alarm,,%s,%s,%s;
677,ia,Ignore AC input,,%s,%s,%s;
678,ns0,Interface protection log 0,,%s,%s,%s;
679,ns1,Interface protection log 1,,%s,%s,%s;
680,ns2,Interface protection log 2,,%s,%s,%s;
681,ns3,Interface protection log 3,,%s,%s,%s;
682,ns4,Interface protection log 4,,%s,%s,%s;
683,ns5,Interface protection log 5,,%s,%s,%s;
684,ns6,Interface protection log 6,,%s,%s,%s;
685,ns7,Interface protection log 7,,%s,%s,%s;
686,ns8,Interface protection log 8,,%s,%s,%s;
687,ns9,Interface protection log 9,,%s,%s,%s;
688,ns10,Interface protection log 10,,%s,%s,%s;
689,ns11,Interface protection log 11,,%s,%s,%s;
690,PCo,Programmable Contact,,%s,%s,%s;
691,ble,Bluetooth enabled,,%s,%s,%s;
692,nr,NodeRed,,%s,%s,%s;
693,sk,SignalK,,%s,%s,%s;
694,nrCaps,Node RED Capabilities,,%s,%s,%s;
695,PVV0,PV Voltage on tracker 1,,%.1F V,%.2F,%.1F V;
696,PVV1,PV Voltage on tracker 2,,%.1F V,%.2F,%.1F V;
697,PVV2,PV Voltage on tracker 3,,%.1F V,%.2F,%.1F V;
698,PVV3,PV Voltage on tracker 4,,%.1F V,%.2F,%.1F V;
699,PVI0,PV current on tracker 1,,%.1F A,%.1F,%.1F A;
700,PVI1,PV current on tracker 2,,%.1F A,%.1F,%.1F A;
701,PVI2,PV current on tracker 3,,%.1F A,%.1F,%.1F A;
702,PVI3,PV current on tracker 4,,%.1F A,%.1F,%.1F A;
703,YT0,Yield today on tracker 1,,%.2F kWh,%.2F,%.2F kWh;
704,YT1,Yield today on tracker 2,,%.2F kWh,%.2F,%.2F kWh;
705,YT2,Yield today on tracker 3,,%.2F kWh,%.2F,%.2F kWh;
706,YT3,Yield today on tracker 4,,%.2F kWh,%.2F,%.2F kWh;
707,YY0,Yield yesterday on tracker 1,,%.2F kWh,%.2F,%.2F kWh;
708,YY1,Yield yesterday on tracker 2,,%.2F kWh,%.2F,%.2F kWh;
709,YY2,Yield yesterday on tracker 3,,%.2F kWh,%.2F,%.2F kWh;
710,YY3,Yield yesterday on tracker 4,,%.2F kWh,%.2F,%.2F kWh;
711,MCPT0,Maximum charge power today on tracker 1,,%d W,%d,%d W;
712,MCPT1,Maximum charge power today on tracker 2,,%d W,%d,%d W;
713,MCPT2,Maximum charge power today on tracker 3,,%d W,%d,%d W;
714,MCPT3,Maximum charge power today on tracker 4,,%d W,%d,%d W;
715,MCPY0,Maximum charge power yesterday on tracker 1,,%d W,%d,%d W;
716,MCPY1,Maximum charge power yesterday on tracker 2,,%d W,%d,%d W;
717,MCPY2,Maximum charge power yesterday on tracker 3,,%d W,%d,%d W;
718,MCPY3,Maximum charge power yesterday on tracker 4,,%d W,%d,%d W;
719,p0,Device 0 Power-pack pre-overload,,%s,%s,%s;
720,p1,Device 1 Power-pack pre-overload,,%s,%s,%s;
721,p2,Device 2 Power-pack pre-overload,,%s,%s,%s;
722,p3,Device 3 Power-pack pre-overload,,%s,%s,%s;
723,p4,Device 4 Power-pack pre-overload,,%s,%s,%s;
724,p5,Device 5 Power-pack pre-overload,,%s,%s,%s;
725,p6,Device 6 Power-pack pre-overload,,%s,%s,%s;
726,p7,Device 7 Power-pack pre-overload,,%s,%s,%s;
727,p8,Device 8 Power-pack pre-overload,,%s,%s,%s;
728,p9,Device 9 Power-pack pre-overload,,%s,%s,%s;
729,p10,Device 10 Power-pack pre-overload,,%s,%s,%s;
730,p11,Device 11 Power-pack pre-overload,,%s,%s,%s;
731,pdV,Data Manager Version,,%s,%s,%s;
732,H4f1,L1 Frequency Variation,,%s,%s,%s;
733,H4f2,L2 Frequency Variation,,%s,%s,%s;
734,H4f3,L2 Frequency Variation,,%s,%s,%s;
735,mbc,Number of modules blocking charge,,%.0F,%.0F,%.0F;
736,mbd,Number of modules blocking discharge,,%.0F,%.0F,%.0F;
737,mof,Number of modules offline,,%.0F,%.0F,%.0F;
738,mon,Number of modules online,,%.0F,%.0F,%.0F;
739,Abc,Charge blocked,,%s,%s,%s;
740,Abd,Discharge blocked,,%s,%s,%s;
741,H4of,Feed excess DC-coupled PV into the grid,,%s,%s,%s;
742,H4pf,Feed AC-coupled PV into the grid,,%s,%s,%s;
743,umc,DVCC user configured maximum charge current,,%.1F A,%.1F,%.1F A;
744,umv,DVCC user configured maximum charge voltage,,%.2F V,%.2F,%.2F V;
745,ia2,Ignore AC input 2,,%s,%s,%s;
746,iOF1,AC frequency,,%.1F Hz,%.1F,%.1F Hz;
747,il,DC Current,,%.2F A,%.2F,%.2F A;
748,iT,Battery temperature,,%.1F °C,%.1F,%.1F °C;
749,iOR,Off reason,,%s,%s,%s;
750,iPVV,PV Voltage,,%.1F V,%.2F,%.1F V;
751,iPVI,PV Current,,%.2F A,%.2F,%.2F A;
752,iRelay,Relay state,,%s,%s,%s;
753,iSOC,State of charge,,%.1F %%,%.1F,%.1F %%;
754,iPVP,PV Power,,%.0F W,%.0F,%.0F W;
755,iMm,Overall MPPT State,,%s,%s,%s;
756,iYT,Yield today,,%.1F kWh,%.1F,%.1F kWh;
757,iYY,Yield yesterday,,%.1F kWh,%.1F,%.1F kWh;
758,iMPT,Max power yesterday,,%.0F W,%.0F,%.0F W;
759,ds,Switch state,,%s,%s,%s;
760,SP,Split Phase L2 Passthru,,%s,%s,%s;
763,iPVV0,PV Voltage on tracker 1,,%.1F V,%.2F,%.1F V;
764,iPVV1,PV Voltage on tracker 2,,%.1F V,%.2F,%.1F V;
765,iPVV2,PV Voltage on tracker 3,,%.1F V,%.2F,%.1F V;
766,iPVV3,PV Voltage on tracker 4,,%.1F V,%.2F,%.1F V;
767,iPVI0,PV current on tracker 1,,%.1F A,%.1F,%.1F A;
768,iPVI1,PV current on tracker 2,,%.1F A,%.1F,%.1F A;
769,iPVI2,PV current on tracker 3,,%.1F A,%.1F,%.1F A;
770,iPVI3,PV current on tracker 4,,%.1F A,%.1F,%.1F A;
771,iYT0,Yield today on tracker 1,,%.2F kWh,%.2F,%.2F kWh;
772,iYT1,Yield today on tracker 2,,%.2F kWh,%.2F,%.2F kWh;
773,iYT2,Yield today on tracker 3,,%.2F kWh,%.2F,%.2F kWh;
774,iYT3,Yield today on tracker 4,,%.2F kWh,%.2F,%.2F kWh;
775,iYY0,Yield yesterday on tracker 1,,%.2F kWh,%.2F,%.2F kWh;
776,iYY1,Yield yesterday on tracker 2,,%.2F kWh,%.2F,%.2F kWh;
777,iYY2,Yield yesterday on tracker 3,,%.2F kWh,%.2F,%.2F kWh;
778,iYY3,Yield yesterday on tracker 4,,%.2F kWh,%.2F,%.2F kWh;
779,iMCPT0,Maximum charge power today on tracker 1,,%d W,%d,%d W;
780,iMCPT1,Maximum charge power today on tracker 2,,%d W,%d,%d W;
781,iMCPT2,Maximum charge power today on tracker 3,,%d W,%d,%d W;
782,iMCPT3,Maximum charge power today on tracker 4,,%d W,%d,%d W;
783,iMCPY0,Maximum charge power yesterday on tracker 1,,%d W,%d,%d W;
784,iMCPY1,Maximum charge power yesterday on tracker 2,,%d W,%d,%d W;
785,iMCPY2,Maximum charge power yesterday on tracker 3,,%d W,%d,%d W;
786,iMCPY3,Maximum charge power yesterday on tracker 4,,%d W,%d,%d W;
788,iOP1,AC-Out Power,,%d W,%d,%d W;
789,it9,Energy to AC-Out,,%.2F kWh,%.2F,%.2F kWh;
790,it10,Energy out to inverter,,%.2F kWh,%.2F,%.2F kWh;
791,it11,Solar to AC-Out,,%.2F kWh,%.2F,%.2F kWh;
792,it12,Solar to battery,,%.2F kWh,%.2F,%.2F kWh;
793,aP,Product id,,%s,%s,%s;
794,a1p,AC Meter power L1,,%d W,%d,%d W;
795,a2p,AC Meter power L2,,%d W,%d,%d W;
796,a3p,AC Meter power L3,,%d W,%d,%d W;
797,acn,Custom name,,%s,%s,%s;
798,a1f,L1 Forward energy,,%.2F kWh,%.2F,%.2F kWh;
799,a2f,L2 Forward energy,,%.2F kWh,%.2F,%.2F kWh;
800,a3f,L3 Forward energy,,%.2F kWh,%.2F,%.2F kWh;
802,PVP0,PV power on tracker 1,,%d W,%d,%d W;
803,PVP1,PV power on tracker 2,,%d W,%d,%d W;
804,PVP2,PV power on tracker 3,,%d W,%d,%d W;
805,PVP3,PV power on tracker 4,,%d W,%d,%d W;
806,iPVP0,PV Power on tracker 1,,%.0F W,%.0F,%.0F W;
807,iPVP1,PV Power on tracker 2,,%.0F W,%.0F,%.0F W;
808,iPVP2,PV Power on tracker 3,,%.0F W,%.0F,%.0F W;
809,iPVP3,PV Power on tracker 4,,%.0F W,%.0F,%.0F W;
810,evP,Product id,,%s,%s,%s;
811,evF,Firmware version,,%s,%s,%s;
812,evS,Serial,,%s,%s,%s;
813,evpm,Model,,%s,%s,%s;
814,evcn,Custom name,,%s,%s,%s;
815,evmi,Max current,,%.0F A,%.0F,%.0F A;
816,evf,Forward energy,,%.2F kWh,%.2F,%.2F kWh;
817,ev1p,L1 Power,,%d W,%d,%d W;
818,ev2p,L2 Power,,%d W,%d,%d W;
819,ev3p,L3 Power,,%d W,%d,%d W;
820,evp,Power,,%d W,%d,%d W;
821,evt,Charging time,,%d,%d,%d;
822,evi,Current,,%.1F A,%.1F,%.1F A;
823,evm,Mode,,%s,%s,%s;
824,evs,Status,,%s,%s,%s;
825,ic0,AC Input 1 connected,,%s,%s,%s;
826,ic1,AC Input 2 connected,,%s,%s,%s;
827,id0,AC Input 1 device instance,,%d,%d,%d;
828,id1,AC Input 2 device instance,,%d,%d,%d;
829,ist0,AC Input 1 service type,,%s,%s,%s;
830,ist1,AC Input 2 service type,,%s,%s,%s;
831,is0,AC Input 1 source,,%s,%s,%s;
832,is1,AC Input 2 source,,%s,%s,%s;
833,ini,Number of AC Inputs,,%d,%d,%d;
834,g1v,Grid meter voltage L1,,%.1F V,%.2F,%.1F V;
835,g1c,Grid meter current L1,,%.1F A,%.1F,%.1F A;
836,g1F,Grid meter frequency L1,,%.1F Hz,%.1F,%.1F Hz;
837,g2v,Grid meter voltage L2,,%.1F V,%.2F,%.1F V;
838,g2c,Grid meter current L2,,%.1F A,%.1F,%.1F A;
839,g2F,Grid meter frequency L2,,%.1F Hz,%.1F,%.1F Hz;
840,g3v,Grid meter voltage L3,,%.1F V,%.2F,%.1F V;
841,g3c,Grid meter current L3,,%.1F A,%.1F,%.1F A;
842,g3F,Grid meter frequency L3,,%.1F Hz,%.1F,%.1F Hz;
843,gf,Grid Total Energy from net,,%.2F kWh,%.2F,%.2F kWh;
844,gr,Grid Total Energy to net,,%.2F kWh,%.2F,%.2F kWh;
845,af,Total Forward energy,,%.2F kWh,%.2F,%.2F kWh;
846,pf,Total Energy forward,,%.2F kWh,%.2F,%.2F kWh;
847,dsP,Product ID,,%s,%s,%s;
848,dsS,Serial,,%s,%s,%s;
849,dsF,Firmware Version,,%s,%s,%s;
850,dscn,Custom Name,,%s,%s,%s;
851,dsm,Monitor Mode,,%s,%s,%s;
853,dsV,Battery Voltage,,%.2F V,%.2F,%.2F V;
854,dsI,Generated Current,,%.2F A,%.2F,%.2F A;
855,dsT,Temperature,,%.1F °C,%.1F,%.1F °C;
857,dsAV,Auxiliary Voltage,,%.2F V,%.2F,%.2F V;
858,dsf,Total energy produced,,%.2F kWh,%.2F,%.2F kWh;
859,dseL,Low voltage alarm,,%s,%s,%s;
860,dseH,High voltage alarm,,%s,%s,%s;
861,dsLS,Low auxiliary voltage alarm,,%s,%s,%s;
862,dsHS,High auxiliary voltage alarm,,%s,%s,%s;
863,dsLT,Low temperature alarm,,%s,%s,%s;
864,dsHT,High temperature alarm,,%s,%s,%s;
866,alP,Product ID,,%s,%s,%s;
867,alS,Serial,,%s,%s,%s;
868,alF,Firmware version,,%s,%s,%s;
869,alcn,Custom Name,,%s,%s,%s;
870,alm,Monitor Mode,,%s,%s,%s;
871,alV,Output Voltage,,%.2F V,%.2F,%.2F V;
872,alI,Output Current,,%.2F A,%.2F,%.2F A;
873,alT,Alternator Temperature,,%.1F °C,%.1F,%.1F °C;
874,alAV,Auxiliary Voltage,,%.2F V,%.2F,%.2F V;
875,alf,Total energy produced,,%.2F kWh,%.2F,%.2F kWh;
876,aleL,Low voltage alarm,,%s,%s,%s;
877,aleH,High voltage alarm,,%s,%s,%s;
878,alLS,Low auxiliary voltage alarm,,%s,%s,%s;
879,alHS,High auxiliary voltage alarm,,%s,%s,%s;
880,alLT,Low temperature alarm,,%s,%s,%s;
881,alHT,High temperature alarm,,%s,%s,%s;
882,dlP,Product ID,,%s,%s,%s;
883,dlS,Serial,,%s,%s,%s;
884,dlF,Firmware version,,%s,%s,%s;
885,dlcn,Custom Name,,%s,%s,%s;
886,dlm,Monitor Mode,,%s,%s,%s;
887,dlV,Battery Voltage,,%.2F V,%.2F,%.2F V;
888,dlI,Load Current,,%.2F A,%.2F,%.2F A;
889,dlT,Temperature,,%.1F °C,%.1F,%.1F °C;
890,dlAV,Auxiliary Voltage,,%.2F V,%.2F,%.2F V;
891,dlf,Total energy consumed,,%.2F kWh,%.2F,%.2F kWh;
892,dleL,Low voltage alarm,,%s,%s,%s;
893,dleH,High voltage alarm,,%s,%s,%s;
894,dlLS,Low auxiliary voltage alarm,,%s,%s,%s;
895,dlHS,High auxiliary voltage alarm,,%s,%s,%s;
896,dlLT,Low temperature alarm,,%s,%s,%s;
897,dlHT,High temperature alarm,,%s,%s,%s;
898,dcP,Product ID,,%s,%s,%s;
899,dcS,Serial,,%s,%s,%s;
900,dcF,Firmware version,,%s,%s,%s;
901,dccn,Custom Name,,%s,%s,%s;
902,dcm,Monitor Mode,,%s,%s,%s;
903,dcV,Battery Voltage,,%.2F V,%.2F,%.2F V;
904,dcI,System Current,,%.2F A,%.2F,%.2F A;
905,dcT,Temperature,,%.1F °C,%.1F,%.1F °C;
906,dcAV,Auxiliary Voltage,,%.2F V,%.2F,%.2F V;
907,dcf,Total energy consumed,,%.2F kWh,%.2F,%.2F kWh;
908,dcr,Total energy produced,,%.2F kWh,%.2F,%.2F kWh;
909,dceL,Low voltage alarm,,%s,%s,%s;
910,dceH,High voltage alarm,,%s,%s,%s;
911,dcLS,Low auxiliary voltage alarm,,%s,%s,%s;
912,dcHS,High auxiliary voltage alarm,,%s,%s,%s;
913,dcLT,Low temperature alarm,,%s,%s,%s;
914,dcHT,High temperature alarm,,%s,%s,%s;
915,gRT,Generator run-time since last start,,%d,%d,%d;
916,gLS,Generator last start,,%d,%d,%d;
917,gRC,Generator run by condition code,,%s,%s,%s;
918,vi0,AC Input 1 VRM device instance,,%d,%d,%d;
919,vi1,AC Input 2 VRM device instance,,%d,%d,%d;
920,tsH,Humidity,,%.1F %%,%.1F,%.1F %%;
921,tsB,Pressure,,%.1F hPa,%.1F,%.1F hPa;
922,mp,Product ID,,%s,%s,%s;
923,msn,Inverter/Charger serial number,,%s,%s,%s;
924,mv,Firmware version,,%s,%s,%s;
925,mcn,Custom Name,,%s,%s,%s;
926,mV,Battery Voltage,,%.2F V,%.2F,%.2F V;
927,mI,DC Current,,%.2F A,%.2F,%.2F A;
928,mT,Battery temperature,,%.1F °C,%.1F,%.1F °C;
929,mIV1,AC Input Voltage L1,,%.2F V,%.2F,%.2F V;
930,mIP1,AC Input Power L1,,%d W,%d,%d W;
931,mII1,AC Input Current L1,,%.2F A,%.2F,%.2F A;
932,mIF1,AC Input Frequency,,%.2F Hz,%.2F,%.2F Hz;
933,mIV2,AC Input Voltage L2,,%.2F V,%.2F,%.2F V;
934,mIP2,AC Input Power L2,,%d W,%d,%d W;
935,mII2,AC Input Current L2,,%.2F A,%.2F,%.2F A;
936,mIV3,AC Input Voltage L3,,%.2F V,%.2F,%.2F V;
937,mIP3,AC Input Power L3,,%d W,%d,%d W;
938,mII3,AC Input Current L3,,%.2F A,%.2F,%.2F A;
939,mOV1,AC Output Voltage L1,,%.2F V,%.2F,%.2F V;
940,mOP1,AC Output Power L1,,%d W,%d,%d W;
941,mOI1,AC Output Current L1,,%.2F A,%.2F,%.2F A;
942,mOF1,AC Output Frequency,,%.2F Hz,%.2F,%.2F Hz;
943,mOV2,AC Output Voltage L2,,%.2F V,%.2F,%.2F V;
944,mOP2,AC Output Power L2,,%d W,%d,%d W;
945,mOI2,AC Output Current L2,,%.2F A,%.2F,%.2F A;
946,mOV3,AC Output Voltage L3,,%.2F V,%.2F,%.2F V;
947,mOP3,AC Output Power L3,,%d W,%d,%d W;
948,mOI3,AC Output Current L3,,%.2F A,%.2F,%.2F A;
949,mIL,AC Input 1 Current Limit,,%.0F A,%.0F,%.0F A;
950,meT,High temperature alarm,,%s,%s,%s;
951,meHV,High voltage alarm,,%s,%s,%s;
952,meHVO,High AC output voltage alarm,,%s,%s,%s;
953,meLT,Low temperature alarm,,%s,%s,%s;
954,meLV,Low voltage alarm,,%s,%s,%s;
955,meLVO,Low AC output voltage alarm,,%s,%s,%s;
956,emO,AC overload alarm,,%s,%s,%s;
957,emR,DC ripple alarm,,%s,%s,%s;
959,mSOC,Battery State of Charge,,%.1F %%,%.1F,%.1F %%;
960,mSa,State,,%s,%s,%s;
961,mM,Mode,,%s,%s,%s;
964,mPVP,PV Power,,%.0F W,%.0F,%.0F W;
965,mPVV,PV Voltage,,%.1F V,%.2F,%.1F V;
966,mYU,Total PV Yield,,%.2F kWh,%.2F,%.2F kWh;
967,mRelay,Internal Relay State,,%s,%s,%s;
968,mMm,MPP Operation Mode,,%s,%s,%s;
969,mE,Error Code,,%s,%s,%s;
970,mt1,Energy AC-in-1 to DC,,%.2F kWh,%.2F,%.2F kWh;
971,mt2,Energy AC-in-2 to DC,,%.2F kWh,%.2F,%.2F kWh;
972,mt3,Energy AC-in-1 to AC-out,,%.2F kWh,%.2F,%.2F kWh;
973,mt4,Energy AC-in-2 to AC-out,,%.2F kWh,%.2F,%.2F kWh;
974,mt5,Energy DC to AC-in-1,,%.2F kWh,%.2F,%.2F kWh;
975,mt6,Energy DC to AC-in-2,,%.2F kWh,%.2F,%.2F kWh;
976,mt7,Energy AC-out to AC-in-1,,%.2F kWh,%.2F,%.2F kWh;
977,mt8,Energy AC-out to AC-in-2,,%.2F kWh,%.2F,%.2F kWh;
978,mt9,Energy DC to AC-out,,%.2F kWh,%.2F,%.2F kWh;
979,mt10,Energy AC-out to DC,,%.2F kWh,%.2F,%.2F kWh;
980,mt11,Energy PV to AC-out,,%.2F kWh,%.2F,%.2F kWh;
981,mt12,Energy PV to DC/battery,,%.2F kWh,%.2F,%.2F kWh;
982,mt13,Energy PV to AC-in-1,,%.2F kWh,%.2F,%.2F kWh;
983,mt14,Energy PV to AC-in-2,,%.2F kWh,%.2F,%.2F kWh;
984,ct,CPU Temperature,,%.2F °C,%.2F,%.2F °C;
985,dg,Default gateway,,%s,%s,%s;
986,iE,Error Code,,%s,%s,%s;
987,mYT,PV Yield today,,%.2F kWh,%.2F,%.2F kWh;
988,mMPT,Maximum PV power today,,%d W,%d,%d W;
989,mYY,PV Yield yesterday,,%.2F kWh,%.2F,%.2F kWh;
990,mMPY,Maximum PV power yesterday,,%d W,%d,%d W;
991,mYT0,PV Yield today (tracker 0),,%.2F kWh,%.2F,%.2F kWh;
992,mYT1,PV Yield today (tracker 1),,%.2F kWh,%.2F,%.2F kWh;
993,mYT2,PV Yield today (tracker 2),,%.2F kWh,%.2F,%.2F kWh;
994,mYT3,PV Yield today (tracker 3),,%.2F kWh,%.2F,%.2F kWh;
995,mYY0,PV Yield yesterday (tracker 0),,%.2F kWh,%.2F,%.2F kWh;
996,mYY1,PV Yield yesterday (tracker 1),,%.2F kWh,%.2F,%.2F kWh;
997,mYY2,PV Yield yesterday (tracker 2),,%.2F kWh,%.2F,%.2F kWh;
998,mYY3,PV Yield yesterday (tracker 3),,%.2F kWh,%.2F,%.2F kWh;
999,mMCPT0,Maximum PV power today (tracker 0),,%d W,%d,%d W;
1000,mMCPT1,Maximum PV power today (tracker 1),,%d W,%d,%d W;
1001,mMCPT2,Maximum PV power today (tracker 2),,%d W,%d,%d W;
1002,mMCPT3,Maximum PV power today (tracker 3),,%d W,%d,%d W;
1003,mMCPY0,Maximum PV power yesterday (tracker 0),,%d W,%d,%d W;
1004,mMCPY1,Maximum PV power yesterday (tracker 1),,%d W,%d,%d W;
1005,mMCPY2,Maximum PV power yesterday (tracker 2),,%d W,%d,%d W;
1006,mMCPY3,Maximum PV power yesterday (tracker 3),,%d W,%d,%d W;
1007,mPVV0,PV Voltage tracker 0,,%.1F V,%.2F,%.1F V;
1008,mPVV1,PV Voltage tracker 1,,%.1F V,%.2F,%.1F V;
1009,mPVV2,PV Voltage tracker 2,,%.1F V,%.2F,%.1F V;
1010,mPVV3,PV Voltage tracker 3,,%.1F V,%.2F,%.1F V;
1011,mPVP0,PV power on tracker 0,,%d W,%d,%d W;
1012,mPVP1,PV power on tracker 1,,%d W,%d,%d W;
1013,mPVP2,PV power on tracker 2,,%d W,%d,%d W;
1014,mPVP3,PV power on tracker 3,,%d W,%d,%d W;
1015,Ft,Accumulated runtime FischerPanda generators,,%d,%d,%d;
1018,Gt,Accumulated time for generic Generator,,%d,%d,%d;
1019,pga,Paygo active,,%s,%s,%s;
1020,pgaf,Paygo active from this date/time,,%s,%s,%s;
1021,pgat,Paygo active until this date/time,,%s,%s,%s;
1022,pgb,Paygo blocked until this date/time,,%s,%s,%s;
1023,pglt,Latest token entered,,%s,%s,%s;
1024,pglv,Validity of latest token,,%s,%s,%s;
1029,gaR,Total run time,,%d,%d,%d;
1030,gaT,Run time today,,%d,%d,%d;
1031,gaE,Autostart error,,%s,%s,%s;
1032,gaM,Manual start,,%s,%s,%s;
1033,gaMT,Manual start timer,,%d,%d,%d;
1034,gaQ,Quiet hours,,%s,%s,%s;
1035,bT,System Battery Temperature,,%.0F °C,%.0F,%.0F °C;
1036,eva,AutoStart,,%s,%s,%s;
1037,evd,EnableDisplay,,%s,%s,%s;
1038,evl,Position,,%s,%s,%s;
1039,H4l1,Max Feedin Power L1,,%.0F W,%.0F,%.0F W;
1040,H4l2,Max Feedin Power L2,,%.0F W,%.0F,%.0F W;
1041,H4l3,Max Feedin Power L3,,%.0F W,%.0F,%.0F W;
1042,H4M,How ESS Multiphase regulation is done,,%s,%s,%s;
1043,gat,Type of generator controlled by this start/stop instance,,%s,%s,%s;
1044,eve,Whether the charger is presently switched on/active/enabled,,%s,%s,%s;
1045,evmc,Max charge current in manual mode,,%.2F A,%.2F,%.2F A;
1046,rf0,Relay 1 function,,%s,%s,%s;
1047,rf1,Relay 2 function,,%s,%s,%s;
1048,gaA,Generator autostart enabled,,%s,%s,%s;
1049,AHI,High Current Alarm,,%s,%s,%s;
1050,AC,Contactor warning,,%s,%s,%s;
1052,ABC,BMS cable,,%s,%s,%s;
1053,dAc,Connection lost to distributor A,,%s,%s,%s;
1054,dBc,Connection lost to distributor B,,%s,%s,%s;
1055,dCc,Connection lost to distributor C,,%s,%s,%s;
1056,dDc,Connection lost to distributor D,,%s,%s,%s;
1057,dAs,Distributor A status,,%s,%s,%s;
1058,dBs,Distributor B status,,%s,%s,%s;
1059,dCs,Distributor C status,,%s,%s,%s;
1060,dDs,Distributor D status,,%s,%s,%s;
1061,dAf0n,Distributor A Fuse 1 Name,,%s,%s,%s;
1062,dAf1n,Distributor A Fuse 2 Name,,%s,%s,%s;
1063,dAf2n,Distributor A Fuse 3 Name,,%s,%s,%s;
1064,dAf3n,Distributor A Fuse 4 Name,,%s,%s,%s;
1065,dBf0n,Distributor B Fuse 1 Name,,%s,%s,%s;
1066,dBf1n,Distributor B Fuse 2 Name,,%s,%s,%s;
1067,dBf2n,Distributor B Fuse 3 Name,,%s,%s,%s;
1068,dBf3n,Distributor B Fuse 4 Name,,%s,%s,%s;
1069,dCf0n,Distributor C Fuse 1 Name,,%s,%s,%s;
1070,dCf1n,Distributor C Fuse 2 Name,,%s,%s,%s;
1071,dCf2n,Distributor C Fuse 3 Name,,%s,%s,%s;
1072,dCf3n,Distributor C Fuse 4 Name,,%s,%s,%s;
1073,dDf0n,Distributor D Fuse 1 Name,,%s,%s,%s;
1074,dDf1n,Distributor D Fuse 2 Name,,%s,%s,%s;
1075,dDf2n,Distributor D Fuse 3 Name,,%s,%s,%s;
1076,dDf3n,Distributor D Fuse 4 Name,,%s,%s,%s;
1077,dAf0s,Distributor A Fuse 1 Status,,%s,%s,%s;
1078,dAf1s,Distributor A Fuse 2 Status,,%s,%s,%s;
1079,dAf2s,Distributor A Fuse 3 Status,,%s,%s,%s;
1080,dAf3s,Distributor A Fuse 4 Status,,%s,%s,%s;
1081,dBf0s,Distributor B Fuse 1 Status,,%s,%s,%s;
1082,dBf1s,Distributor B Fuse 2 Status,,%s,%s,%s;
1083,dBf2s,Distributor B Fuse 3 Status,,%s,%s,%s;
1084,dBf3s,Distributor B Fuse 4 Status,,%s,%s,%s;
1085,dCf0s,Distributor C Fuse 1 Status,,%s,%s,%s;
1086,dCf1s,Distributor C Fuse 2 Status,,%s,%s,%s;
1087,dCf2s,Distributor C Fuse 3 Status,,%s,%s,%s;
1088,dCf3s,Distributor C Fuse 4 Status,,%s,%s,%s;
1089,dAf0b,Distributor A Fuse 1 Blown,,%s,%s,%s;
1090,dAf1b,Distributor A Fuse 2 Blown,,%s,%s,%s;
1091,dAf2b,Distributor A Fuse 3 Blown,,%s,%s,%s;
1092,dAf3b,Distributor A Fuse 4 Blown,,%s,%s,%s;
1093,dBf0b,Distributor B Fuse 1 Blown,,%s,%s,%s;
1094,dBf1b,Distributor B Fuse 2 Blown,,%s,%s,%s;
1095,dBf2b,Distributor B Fuse 3 Blown,,%s,%s,%s;
1096,dBf3b,Distributor B Fuse 4 Blown,,%s,%s,%s;
1097,dCf0b,Distributor C Fuse 1 Blown,,%s,%s,%s;
1098,dCf1b,Distributor C Fuse 2 Blown,,%s,%s,%s;
1099,dCf2b,Distributor C Fuse 3 Blown,,%s,%s,%s;
1100,dCf3b,Distributor C Fuse 4 Blown,,%s,%s,%s;
1101,dDf0b,Distributor D Fuse 1 Blown,,%s,%s,%s;
1102,dDf1b,Distributor D Fuse 2 Blown,,%s,%s,%s;
1103,dDf2b,Distributor D Fuse 3 Blown,,%s,%s,%s;
1104,dDf3b,Distributor D Fuse 4 Blown,,%s,%s,%s;
1105,Scvs,Voltage setting,,,,;
1106,sa,VE.Bus Switch Position Adjustable,,%s,%s,%s;
1107,vs0,Serial number of 1st device,,%s,%s,%s;
1120,vs1,Serial number of 2nd device,,%s,%s,%s;
1121,vs2,Serial number of 3rd device,,%s,%s,%s;
1122,vs3,Serial number of 4th device,,%s,%s,%s;
1123,vs4,Serial number of 5th device,,%s,%s,%s;
1124,vs5,Serial number of 6th device,,%s,%s,%s;
1125,vs6,Serial number of 7th device,,%s,%s,%s;
1126,vs7,Serial number of 8th device,,%s,%s,%s;
1127,vs8,Serial number of 9th device,,%s,%s,%s;
1128,vs9,Serial number of 10th device,,%s,%s,%s;
1129,vs10,Serial number of 11th device,,%s,%s,%s;
1130,vs11,Serial number of 12th device,,%s,%s,%s;
1131,emS,Low SoC alarm,,%s,%s,%s;
1132,iS,Low SoC alarm,,%s,%s,%s;
1133,als,State,,%s,%s,%s;
1134,alE,Error code,,%s,%s,%s;
1135,ales,Engine speed,,%.0F rpm,%.0F,%.0F rpm;
1136,alas,Alternator speed,,%.0F rpm,%.0F,%.0F rpm;
1137,alfd,Field drive percentage,,%.0F %%,%.0F,%.0F %%;
1138,vr0,VE.Bus Voltage ripple - unit 1,,%.2F V,%.2F,%.2F V;
1139,vr1,VE.Bus Voltage ripple - unit 2,,%.2F V,%.2F,%.2F V;
1140,vr2,VE.Bus Voltage ripple - unit 3,,%.2F V,%.2F,%.2F V;
1141,vr3,VE.Bus Voltage ripple - unit 4,,%.2F V,%.2F,%.2F V;
1142,vr4,VE.Bus Voltage ripple - unit 5,,%.2F V,%.2F,%.2F V;
1143,vr5,VE.Bus Voltage ripple - unit 6,,%.2F V,%.2F,%.2F V;
1144,vr6,VE.Bus Voltage ripple - unit 7,,%.2F V,%.2F,%.2F V;
1145,vr7,VE.Bus Voltage ripple - unit 8,,%.2F V,%.2F,%.2F V;
1146,vr8,VE.Bus Voltage ripple - unit 9,,%.2F V,%.2F,%.2F V;
1147,vr9,VE.Bus Voltage ripple - unit 10,,%.2F V,%.2F,%.2F V;
1148,vr10,VE.Bus Voltage ripple - unit 11,,%.2F V,%.2F,%.2F V;
1149,vr11,VE.Bus Voltage ripple - unit 12,,%.2F V,%.2F,%.2F V;
1150,vt0,VE.Bus Terminal voltage- unit 1,,%.2F V,%.2F,%.2F V;
1151,vt1,VE.Bus Terminal voltage - unit 2,,%.2F V,%.2F,%.2F V;
1152,vt2,VE.Bus Terminal voltage - unit 3,,%.2F V,%.2F,%.2F V;
1153,vt3,VE.Bus Terminal voltage - unit 4,,%.2F V,%.2F,%.2F V;
1154,vt4,VE.Bus Terminal voltage - unit 5,,%.2F V,%.2F,%.2F V;
1155,vt5,VE.Bus Terminal voltage - unit 6,,%.2F V,%.2F,%.2F V;
1156,vt6,VE.Bus Terminal voltage - unit 7,,%.2F V,%.2F,%.2F V;
1157,vt7,VE.Bus Terminal voltage - unit 8,,%.2F V,%.2F,%.2F V;
1158,vt8,VE.Bus Terminal voltage - unit 9,,%.2F V,%.2F,%.2F V;
1159,vt9,VE.Bus Terminal voltage - unit 10,,%.2F V,%.2F,%.2F V;
1160,vt10,VE.Bus Terminal voltage - unit 11,,%.2F V,%.2F,%.2F V;
1161,vt11,VE.Bus Terminal voltage - unit 12,,%.2F V,%.2F,%.2F V;
1162,vu0,VE.Bus sense voltage - unit 1,,%.2F V,%.2F,%.2F V;
1163,Tga,Generator run-time,,%.2F s,%.2F,%.2F s;
1164,vbp,VE.Bus BMS Pre-alarm,,%s,%s,%s;
1165,sct,Target SOC for a scheduled charge slot,,%.0F %%,%.0F,%.0F %%;
1166,gaS,Generator state,,%s,%s,%s;
1167,vcn,VE.Bus custom name,,%s,%s,%s;
1168,vIL1,AC Input 1 Current Limit,,%.2F A,%.2F,%.2F A;
1169,vIL2,AC Input 2 Current Limit,,%.2F A,%.2F,%.2F A;
1170,vIA1,AC Input 1 Current Limit Adjustable,,%s,%s,%s;
1171,vIA2,AC Input 1 Current Limit Adjustable,,%s,%s,%s;
1172,vrm_solar_irradiance,Solar Irradiance,,%.2F W/m²,%.0F,%.2F W/m²;
1173,vrm_solar_irradiance_fc,Solar Irradiance Forecast,,%.2F W/m²,%.0F,%.2F W/m²;
1174,H4sp,Grid setpoint,,%.0F W,%.0F,%.0F W;
1175,ssl,Active SOC Limit,,%.0F %%,%.0F,%.0F %%;
1176,vu,Uptime of the 1st device,,%d s,%d,%d s;
1177,vu1,Uptime of the 2nd device,,%d s,%d,%d s;
1178,vu2,Uptime of the 3rd device,,%d s,%d,%d s;
1179,vu3,Uptime of the 4th device,,%d s,%d,%d s;
1180,vu4,Uptime of the 5th device,,%d s,%d,%d s;
1181,vu5,Uptime of the 6th device,,%d s,%d,%d s;
1182,vu6,Uptime of the 7th device,,%d s,%d,%d s;
1183,vu7,Uptime of the 8th device,,%d s,%d,%d s;
1184,vu8,Uptime of the 9th device,,%d s,%d,%d s;
1185,vu9,Uptime of the 10th device,,%d s,%d,%d s;
1186,vu10,Uptime of the 11th device,,%d s,%d,%d s;
1187,vu11,Uptime of the 12th device,,%d s,%d,%d s;
1188,DcP,Product ID,,%s,%s,%s;
1189,DcS,State,,%s,%s,%s;
1190,DcE,Error,,%s,%s,%s;
1191,DciV,Input voltage,,%.2F V,%.2F,%.2F V;
1192,DcoV,Output voltage,,%.2F V,%.2F,%.2F V;
1193,DcOR,Off reason,,%s,%s,%s;
1194,Dccn,Custom name,,%s,%s,%s;
1195,sLP,Product ID,,%s,%s,%s;
1196,sLE,Error,,%s,%s,%s;
1197,sLcV1,Cell 1 voltage,,%.2F V,%.2F,%.2F V;
1198,sLcV2,Cell 2 voltage,,%.2F V,%.2F,%.2F V;
1199,sLcV3,Cell 3 voltage,,%.2F V,%.2F,%.2F V;
1200,sLcV4,Cell 4 voltage,,%.2F V,%.2F,%.2F V;
1201,sLcV5,Cell 5 voltage,,%.2F V,%.2F,%.2F V;
1202,sLcV6,Cell 6 voltage,,%.2F V,%.2F,%.2F V;
1203,sLcV7,Cell 7 voltage,,%.2F V,%.2F,%.2F V;
1204,sLcV8,Cell 8 voltage,,%.2F V,%.2F,%.2F V;
1205,sLBS,Balancer state,,%s,%s,%s;
1206,sLV,Battery voltage,,%.2F V,%.2F,%.2F V;
1207,sLT,Battery temperature,,%.0F °C,%.0F,%.0F °C;
1208,sLcn,Custom name,,%s,%s,%s;
1209,bPP,Product ID,,%s,%s,%s;
1210,bPS,State,,%s,%s,%s;
1211,bPOS,Output state,,%s,%s,%s;
1212,bPE,Error,,%s,%s,%s;
1213,bPiV,Input voltage,,%.2F V,%.2F,%.2F V;
1214,bPoV,Output voltage,,%.2F V,%.2F,%.2F V;
1215,bPOR,Off reason,,%s,%s,%s;
1216,bPcn,Custom name,,%s,%s,%s;
1217,Dcsn,Serial number,,%s,%s,%s;
1218,sLsn,Serial number,,%s,%s,%s;
1219,bPsn,Serial number,,%s,%s,%s;
1220,vrm_pv_charger_yield_fc,PV Yield Solar Charger Forecast,,%.2F kWh,%.2F,%.2F kWh;
1221,vrm_pv_inverter_yield_fc,PV Inverter Yield Forecast,,%.0F Wh,%.0F,%.0F Wh;
1222,vrm_consumption_fc,Consumption Forecast,,%.0F kWh,%.2F,%.0F kWh;
1223,PVMm0,MPPT State Tracker 0,,%s,%s,%s;
1224,PVMm1,MPPT State Tracker 1,,%s,%s,%s;
1225,PVMm2,MPPT State Tracker 2,,%s,%s,%s;
1226,PVMm3,MPPT State Tracker 3,,%s,%s,%s;
1227,iPVMm0,MPPT State Tracker 1,,%s,%s,%s;
1228,iPVMm1,MPPT State Tracker 2,,%s,%s,%s;
1229,iPVMm2,MPPT State Tracker 3,,%s,%s,%s;
1230,iPVMm3,MPPT State Tracker 4,,%s,%s,%s;
1232,mPVMm0,MPPT State Tracker 1,,%s,%s,%s;
1233,mPVMm1,MPPT State Tracker 2,,%s,%s,%s;
1234,mPVMm2,MPPT State Tracker 3,,%s,%s,%s;
1235,mPVMm3,MPPT State Tracker 4,,%s,%s,%s;
1251,vrm_inverter_yield_fc,Inverter total forcasted yield,,%.0F Wh,%.0F,%.0F Wh;
1252,vrm_inverter_yield_0_fc,Inverter tracker 0 forcasted yield,,%.0F Wh,%.0F,%.0F Wh;
1253,vrm_inverter_yield_1_fc,Inverter tracker 1 forcasted yield,,%.0F Wh,%.0F,%.0F Wh;
1254,vrm_inverter_yield_2_fc,Inverter tracker 2 forcasted yield,,%.0F Wh,%.0F,%.0F Wh;
1255,vrm_inverter_yield_3_fc,Inverter tracker 3 forcasted yield,,%.0F Wh,%.0F,%.0F Wh;
1256,vrm_inv_crg_yield_fc,Inverter/Charger total forcasted yield,,%.0F Wh,%.0F,%.0F Wh;
1257,vrm_inv_crg_yield_0_fc,Inverter/Charger tracker 0 forcasted yield,,%.0F Wh,%.0F,%.0F Wh;
1258,vrm_inv_crg_yield_1_fc,Inverter/Charger tracker 1 forcasted yield,,%.0F Wh,%.0F,%.0F Wh;
1259,vrm_inv_crg_yield_2_fc,Inverter/Charger tracker 2 forcasted yield,,%.0F Wh,%.0F,%.0F Wh;
1260,vrm_inv_crg_yield_3_fc,Inverter/Charger tracker 3 forcasted yield,,%.0F Wh,%.0F,%.0F Wh;
1261,vrm_pv_charger_yield_0_fc,MPPT RS tracker 0 forcasted yield,,%.0F Wh,%.0F,%.0F Wh;
1262,vrm_pv_charger_yield_1_fc,MPPT RS tracker 1 forcasted yield,,%.0F Wh,%.0F,%.0F Wh;
1263,vrm_pv_charger_yield_2_fc,MPPT RS tracker 2 forcasted yield,,%.0F Wh,%.0F,%.0F Wh;
1264,vrm_pv_charger_yield_3_fc,MPPT RS tracker 3 forcasted yield,,%.0F Wh,%.0F,%.0F Wh;
1267,vbl,BMS lost,,%s,%s,%s;
1268,Gop,Engine Oil Pressure,,%.2F kPa,%.2F,%.2F kPa;
1269,pr,Prefer renewable energy,,%s,%s,%s;
1270,dem,DESS Mode – Controlled by user,,%s,%s,%s;
1272,des,DESS State – System following a schedule or not,,%s,%s,%s;
1275,dems,Minimum battery SOC below which selling always stops,,%.1F %%,%.1F,%.1F %%;
1277,dets,SOC target for currently active auto operation,,%.1F %%,%.1F,%.1F %%;
1278,vrm_to_battery_fc,DESS expected energy to battery flow,,%.0F Wh,%.0F,%.0F Wh;
1279,vrm_to_grid_fc,DESS expected energy to grid flow,,%.0F Wh,%.0F,%.0F Wh;
1280,deBc,Battery costs for energy in and out,,%.2F mu/kWh,%.2F,%.2F mu/kWh;
1281,deGb,Grid buy price,,%.2F mu/kWh,%.2F,%.2F mu/kWh;
1282,deGs,Grid sell price,,%.2F mu/kWh,%.2F,%.2F mu/kWh;
1283,guiHash,GUI Hash for Remote Console,,%s,%s,%s;
1284,vrm_to_battery_def,Default ESS simulated energy to battery flow,,%.0F Wh,%.0F,%.0F Wh;
1285,vrm_to_grid_def,Default ESS simulated energy to grid flow,,%.0F Wh,%.0F,%.0F Wh;
1286,vrm_soc_def,Default ESS simulated SOC,,%.1F %%,%.1F,%.1F %%;
1287,gasd,Service count-down,,%d s,%d,%d s;
1288,gasr,Service due,,%s,%s,%s;
1289,dec,DESS battery capacity,,%.2F kWh,%.2F,%.2F kWh;
1290,dee,DESS error code,,%s,%s,%s;
1291,SS,Split Phase L2 L1 Out Summed,,%s,%s,%s;
1292,msT2,External temperature 2,,%.2F °C,%.2F,%.2F °C;
1293,gs,Grid serial number,,%s,%s,%s;
1294,as,AC load serial number,,%s,%s,%s;
1295,gpn,PEN (Protective earth-Neutral) voltage,,%.1F V,%.2F,%.1F V;
1296,vrm_soc_plan,DESS scheduled SOC,,%.1F %%,%.1F,%.1F %%;
"1297,f00,""RawStatusflags0, first 32 bits for first VE.Bus device"",,%s,%s,%s";
"1298,f01,""RawStatusflags0, first 32 bits for the second VE.Bus device"",,%s,%s,%s";
"1299,f02,""RawStatusflags0, first 32 bits for the third VE.Bus device"",,%s,%s,%s";
"1300,f03,""RawStatusflags0, first 32 bits for the fourth VE.Bus device"",,%s,%s,%s";
"1301,f04,""RawStatusflags0, first 32 bits for the fifth VE.Bus device"",,%s,%s,%s";
"1302,f05,""RawStatusflags0, first 32 bits for the sixth VE.Bus device"",,%s,%s,%s";
"1303,f06,""RawStatusflags0, first 32 bits for the seventh VE.Bus device"",,%s,%s,%s";
"1304,f07,""RawStatusflags0, first 32 bits for the eighth VE.Bus device"",,%s,%s,%s";
"1305,f08,""RawStatusflags0, first 32 bits for the ninth VE.Bus device"",,%s,%s,%s";
"1306,f09,""RawStatusflags0, first 32 bits for the tenth VE.Bus device"",,%s,%s,%s";
"1307,f0a,""RawStatusflags0, first 32 bits for the eleventh VE.Bus device"",,%s,%s,%s";
"1308,f0b,""RawStatusflags0, first 32 bits for the twelfth VE.Bus device"",,%s,%s,%s";
"1309,f10,""RawStatusflags1, the next 32 bits for first VE.Bus device"",,%s,%s,%s";
"1310,f11,""RawStatusflags1, the next 32 bits for the second VE.Bus device"",,%s,%s,%s";
"1311,f12,""RawStatusflags1, the next 32 bits for the third VE.Bus device"",,%s,%s,%s";
"1312,f13,""RawStatusflags1, the next 32 bits for the fourth VE.Bus device"",,%s,%s,%s";
"1313,f14,""RawStatusflags1, the next 32 bits for the fifth VE.Bus device"",,%s,%s,%s";
"1314,f15,""RawStatusflags1, the next 32 bits for the sixth VE.Bus device"",,%s,%s,%s";
"1315,f16,""RawStatusflags1, the next 32 bits for the seventh VE.Bus device"",,%s,%s,%s";
"1316,f17,""RawStatusflags1, the next 32 bits for the eighth VE.Bus device"",,%s,%s,%s";
"1317,f18,""RawStatusflags1, the next 32 bits for the ninth VE.Bus device"",,%s,%s,%s";
"1318,f19,""RawStatusflags1, the next 32 bits for the tenth VE.Bus device"",,%s,%s,%s";
"1319,f1a,""RawStatusflags1, the next 32 bits for the eleventh VE.Bus device"",,%s,%s,%s";
"1320,f1b,""RawStatusflags1, the next 32 bits for the twelfth VE.Bus device"",,%s,%s,%s";
1321,wf0,Warning and Error flags for first VE.Bus device for first VE.Bus device,,%s,%s,%s;
1322,wf1,Warning and Error flags for first VE.Bus device for the second VE.Bus device,,%s,%s,%s;
1323,wf2,Warning and Error flags for first VE.Bus device for the third VE.Bus device,,%s,%s,%s;
1324,wf3,Warning and Error flags for first VE.Bus device for the fourth VE.Bus device,,%s,%s,%s;
1325,wf4,Warning and Error flags for first VE.Bus device for the fifth VE.Bus device,,%s,%s,%s;
1326,wf5,Warning and Error flags for first VE.Bus device for the sixth VE.Bus device,,%s,%s,%s;
1327,wf6,Warning and Error flags for first VE.Bus device for the seventh VE.Bus device,,%s,%s,%s;
1328,wf7,Warning and Error flags for first VE.Bus device for the eighth VE.Bus device,,%s,%s,%s;
1329,wf8,Warning and Error flags for first VE.Bus device for the ninth VE.Bus device,,%s,%s,%s;
1330,wf9,Warning and Error flags for first VE.Bus device for the tenth VE.Bus device,,%s,%s,%s;
1331,wfa,Warning and Error flags for first VE.Bus device for the eleventh VE.Bus device,,%s,%s,%s;
1332,wfb,Warning and Error flags for first VE.Bus device for the twelfth VE.Bus device,,%s,%s,%s;
1333,def,DESS system efficiency,,%d,%d,%d;
1334,der,DESS Grid/battery energy exporting restrictions,,%s,%s,%s;
1335,evE,15-minute energy delta for an evcharger,,%.2F kWh,%.2F,%.2F kWh;
1336,decp,DESS Capabilities,,%s,%s,%s;
1337,dels,DESS Last schedule start,,%d,%d,%d;
1338,dele,DESS Last schedule end,,%d,%d,%d;
1339,vib1,Unequal output distribution in parallel system: L1,,%s,%s,%s;
1341,vib2,Unequal output distribution in parallel system: L2,,%s,%s,%s;
1342,vib3,Unequal output distribution in parallel system: L3,,%s,%s,%s;
1343,vmb1,Unequal mains distribution in parallel system: L1,,%s,%s,%s;
1344,vmb2,Unequal mains distribution in parallel system: L2,,%s,%s,%s;
1345,vmb3,Unequal mains distribution in parallel system: L3,,%s,%s,%s;
1346,Scl,Solar charge current limit,,%.1F A,%.1F,%.1F A;
1347,mcl,Solar charge current limit,,%.1F A,%.1F,%.1F A;
1348,icl,Solar charge current limit,,%.1F A,%.1F,%.1F A;
1349,vcp00,Unit 0 CNB0,,%d,%d,%d;
1350,vcp01,Unit 0 CNB1,,%d,%d,%d;
1351,vcp02,Unit 0 CNB2,,%d,%d,%d;
1352,vcp03,Unit 0 CNB3,,%d,%d,%d;
1353,vmp00,Unit 0 Main0,,%d,%d,%d;
1354,vmp01,Unit 0 Main1,,%d,%d,%d;
1355,vmp02,Unit 0 Main2,,%d,%d,%d;
1356,vmp03,Unit 0 Main3,,%d,%d,%d;
1357,vcp10,Unit 1 CNB0,,%d,%d,%d;
1358,vcp11,Unit 1 CNB1,,%d,%d,%d;
1359,vcp12,Unit 1 CNB2,,%d,%d,%d;
1360,vcp13,Unit 1 CNB3,,%d,%d,%d;
1361,vmp10,Unit 1 Main0,,%d,%d,%d;
1362,vmp11,Unit 1 Main1,,%d,%d,%d;
1363,vmp12,Unit 1 Main2,,%d,%d,%d;
1364,vmp13,Unit 1 Main3,,%d,%d,%d;
1365,vcp20,Unit 2 CNB0,,%d,%d,%d;
1366,vcp21,Unit 2 CNB1,,%d,%d,%d;
1367,vcp22,Unit 2 CNB2,,%d,%d,%d;
1368,vcp23,Unit 2 CNB3,,%d,%d,%d;
1369,vmp20,Unit 2 Main0,,%d,%d,%d;
1370,vmp21,Unit 2 Main1,,%d,%d,%d;
1371,vmp22,Unit 2 Main2,,%d,%d,%d;
1372,vmp23,Unit 2 Main3,,%d,%d,%d;
1373,vcp30,Unit 3 CNB0,,%d,%d,%d;
1374,vcp31,Unit 3 CNB1,,%d,%d,%d;
1375,vcp32,Unit 3 CNB2,,%d,%d,%d;
1376,vcp33,Unit 3 CNB3,,%d,%d,%d;
1377,vmp30,Unit 3 Main0,,%d,%d,%d;
1378,vmp31,Unit 3 Main1,,%d,%d,%d;
1379,vmp32,Unit 3 Main2,,%d,%d,%d;
1380,vmp33,Unit 3 Main3,,%d,%d,%d;
1381,vcp40,Unit 4 CNB0,,%d,%d,%d;
1382,vcp41,Unit 4 CNB1,,%d,%d,%d;
1383,vcp42,Unit 4 CNB2,,%d,%d,%d;
1384,vcp43,Unit 4 CNB3,,%d,%d,%d;
1385,vmp40,Unit 4 Main0,,%d,%d,%d;
1386,vmp41,Unit 4 Main1,,%d,%d,%d;
1387,vmp42,Unit 4 Main2,,%d,%d,%d;
1388,vmp43,Unit 4 Main3,,%d,%d,%d;
1389,vcp50,Unit 5 CNB0,,%d,%d,%d;
1390,vcp51,Unit 5 CNB1,,%d,%d,%d;
1391,vcp52,Unit 5 CNB2,,%d,%d,%d;
1392,vcp53,Unit 5 CNB3,,%d,%d,%d;
1393,vmp50,Unit 5 Main0,,%d,%d,%d;
1394,vmp51,Unit 5 Main1,,%d,%d,%d;
1395,vmp52,Unit 5 Main2,,%d,%d,%d;
1396,vmp53,Unit 5 Main3,,%d,%d,%d;
1397,vcp60,Unit 6 CNB0,,%d,%d,%d;
1398,vcp61,Unit 6 CNB1,,%d,%d,%d;
1399,vcp62,Unit 6 CNB2,,%d,%d,%d;
1400,vcp63,Unit 6 CNB3,,%d,%d,%d;
1401,vmp60,Unit 6 Main0,,%d,%d,%d;
1402,vmp61,Unit 6 Main1,,%d,%d,%d;
1403,vmp62,Unit 6 Main2,,%d,%d,%d;
1404,vmp63,Unit 6 Main3,,%d,%d,%d;
1405,vcp70,Unit 7 CNB0,,%d,%d,%d;
1406,vcp71,Unit 7 CNB1,,%d,%d,%d;
1407,vcp72,Unit 7 CNB2,,%d,%d,%d;
1408,vcp73,Unit 7 CNB3,,%d,%d,%d;
1409,vmp70,Unit 7 Main0,,%d,%d,%d;
1410,vmp71,Unit 7 Main1,,%d,%d,%d;
1411,vmp72,Unit 7 Main2,,%d,%d,%d;
1412,vmp73,Unit 7 Main3,,%d,%d,%d;
1413,vcp80,Unit 8 CNB0,,%d,%d,%d;
1414,vcp81,Unit 8 CNB1,,%d,%d,%d;
1415,vcp82,Unit 8 CNB2,,%d,%d,%d;
1416,vcp83,Unit 8 CNB3,,%d,%d,%d;
1417,vmp80,Unit 8 Main0,,%d,%d,%d;
1418,vmp81,Unit 8 Main1,,%d,%d,%d;
1419,vmp82,Unit 8 Main2,,%d,%d,%d;
1420,vmp83,Unit 8 Main3,,%d,%d,%d;
1421,vcp90,Unit 9 CNB0,,%d,%d,%d;
1422,vcp91,Unit 9 CNB1,,%d,%d,%d;
1423,vcp92,Unit 9 CNB2,,%d,%d,%d;
1424,vcp93,Unit 9 CNB3,,%d,%d,%d;
1425,vmp90,Unit 9 Main0,,%d,%d,%d;
1426,vmp91,Unit 9 Main1,,%d,%d,%d;
1427,vmp92,Unit 9 Main2,,%d,%d,%d;
1428,vmp93,Unit 9 Main3,,%d,%d,%d;
1429,vcpa0,Unit 10 CNB0,,%d,%d,%d;
1430,vcpa1,Unit 10 CNB1,,%d,%d,%d;
1431,vcpa2,Unit 10 CNB2,,%d,%d,%d;
1432,vcpa3,Unit 10 CNB3,,%d,%d,%d;
1433,vmpa0,Unit 10 Main0,,%d,%d,%d;
1434,vmpa1,Unit 10 Main1,,%d,%d,%d;
1435,vmpa2,Unit 10 Main2,,%d,%d,%d;
1436,vmpa3,Unit 10 Main3,,%d,%d,%d;
1437,vcpb0,Unit 11 CNB0,,%d,%d,%d;
1438,vcpb1,Unit 11 CNB1,,%d,%d,%d;
1439,vcpb2,Unit 11 CNB2,,%d,%d,%d;
1440,vcpb3,Unit 11 CNB3,,%d,%d,%d;
1441,vmpb0,Unit 11 Main0,,%d,%d,%d;
1442,vmpb1,Unit 11 Main1,,%d,%d,%d;
1443,vmpb2,Unit 11 Main2,,%d,%d,%d;
1444,vmpb3,Unit 11 Main3,,%d,%d,%d;
1445,AI0,ID of first module with warning/alarm (Module0),,%s,%s,%s;
1446,ACI0,Module0 has cell imbalance,,%s,%s,%s;
1447,AHC0,Module0 High Charge Current Alarm,,%s,%s,%s;
1448,AHCT0,Module0 High Charge Temperature,,%s,%s,%s;
1449,AHD0,Module0 High Discharge Current,,%s,%s,%s;
1450,AHT0,Module0 High Temperature,,%s,%s,%s;
1451,AH0,Module0 High Voltage,,%s,%s,%s;
1452,AIE0,Module0 Internal Failure,,%s,%s,%s;
1453,ALCT0,Module0 Low Charge Temperature,,%s,%s,%s;
1454,ALT0,Module0 Low Temperature,,%s,%s,%s;
1455,AL0,Module0 Low Voltage,,%s,%s,%s;
1456,AI1,ID of second module with warning/alarm (Module1),,%s,%s,%s;
1457,ACI1,Module1 has cell imbalance,,%s,%s,%s;
1458,AHC1,Module1 High Charge Current Alarm,,%s,%s,%s;
1459,AHCT1,Module1 High Charge Temperature,,%s,%s,%s;
1460,AHD1,Module1 High Discharge Current,,%s,%s,%s;
1461,AHT1,Module1 High Temperature,,%s,%s,%s;
1462,AH1,Module1 High Voltage,,%s,%s,%s;
1463,AIE1,Module1 Internal Failure,,%s,%s,%s;
1464,ALCT1,Module1 Low Charge Temperature,,%s,%s,%s;
1465,ALT1,Module1 Low Temperature,,%s,%s,%s;
1466,AL1,Module1 Low Voltage,,%s,%s,%s;
1467,AI2,ID of third module with warning/alarm (Module2),,%s,%s,%s;
1468,ACI2,Module2 has cell imbalance,,%s,%s,%s;
1469,AHC2,Module2 High Charge Current Alarm,,%s,%s,%s;
1470,AHCT2,Module2 High Charge Temperature,,%s,%s,%s;
1471,AHD2,Module2 High Discharge Current,,%s,%s,%s;
1472,AHT2,Module2 High Temperature,,%s,%s,%s;
1473,AH2,Module2 High Voltage,,%s,%s,%s;
1474,AIE2,Module2 Internal Failure,,%s,%s,%s;
1475,ALCT2,Module2 Low Charge Temperature,,%s,%s,%s;
1476,ALT2,Module2 Low Temperature,,%s,%s,%s;
1477,AL2,Module2 Low Voltage,,%s,%s,%s;
1504,dea,DESS Available,,%s,%s,%s;
1505,gasi,Service interval,,%d s,%d,%d s;
1509,Dcv,Firmware version,,%s,%s,%s;
1511,DcoI,Output current,,%.1F A,%.1F,%.1F A;
1512,DcT,Batery temperature,,%.1F °C,%.1F,%.1F °C;
1513,DcM,Mode,,%s,%s,%s;
1515,DciP,Input power,,%d W,%d,%d W;
1516,Dcah,Total Amp-hours charged by charger,,%.1F Ah,%.1F,%.1F Ah;
1518,tsA,Low battery alarm,,%s,%s,%s;
1519,PVn0,Custom name for tracker 1,,%s,%s,%s;
1520,PVn1,Custom name for tracker 2,,%s,%s,%s;
1521,PVn2,Custom name for tracker 3,,%s,%s,%s;
1522,PVn3,Custom name for tracker 4,,%s,%s,%s;
1523,iPVn0,Custom name for tracker 1,,%s,%s,%s;
1524,iPVn1,Custom name for tracker 2,,%s,%s,%s;
1525,iPVn2,Custom name for tracker 3,,%s,%s,%s;
1526,iPVn3,Custom name for tracker 4,,%s,%s,%s;
1527,mPVn0,Custom name for tracker 1,,%s,%s,%s;
1528,mPVn1,Custom name for tracker 2,,%s,%s,%s;
1529,mPVn2,Custom name for tracker 3,,%s,%s,%s;
1530,mPVn3,Custom name for tracker 4,,%s,%s,%s;
1531,vrm_dess_hour_restriction,DESS Hourly restrictions,,%s,%s,%s;
1532,vrm_dess_coping_strategy,DESS Coping strategy,,%s,%s,%s;
1533,aliP,Input power,,%d W,%d,%d W;
1534,aliV,Input voltage,,%.2F V,%.2F,%.2F V;
1535,alOR,Device off reason,,%s,%s,%s;
1536,alah,Charged Ah,,%s Ah,%s,%s Ah;
1537,alM,Mode,,%s,%s,%s;
1538,vrm_pv_charger_yield_fc2,PV Yield Solar Charger Forecast - BETA,,%.2F kWh,%.2F,%.2F kWh;
1539,vrm_pv_inverter_yield_fc2,PV Inverter Yield Forecast - BETA,,%.0F Wh,%.0F,%.0F Wh;
1540,vrm_inverter_yield_fc2,Inverter total forecasted yield  - BETA,,%.0F Wh,%.0F,%.0F Wh;
1541,vrm_inverter_yield_0_fc2,Inverter tracker 0 forecasted yield v2,,%.0F Wh,%.0F,%.0F Wh;
1542,vrm_inverter_yield_1_fc2,Inverter tracker 1 forecasted yield - BETA,,%.0F Wh,%.0F,%.0F Wh;
1543,vrm_inverter_yield_2_fc2,Inverter tracker 2 forecasted yield  - BETA,,%.0F Wh,%.0F,%.0F Wh;
1544,vrm_inverter_yield_3_fc2,Inverter tracker 3 forecasted yield  - BETA,,%.0F Wh,%.0F,%.0F Wh;
1545,vrm_inv_crg_yield_fc2,Inverter/Charger total forecasted yield  - BETA,,%.0F Wh,%.0F,%.0F Wh;
1546,vrm_inv_crg_yield_0_fc2,Inverter/Charger tracker 0 forecasted yield - BETA,,%.0F Wh,%.0F,%.0F Wh;
1547,vrm_inv_crg_yield_1_fc2,Inverter/Charger tracker 1 forecasted yield - BETA,,%.0F Wh,%.0F,%.0F Wh;
1548,vrm_inv_crg_yield_2_fc2,Inverter/Charger tracker 2 forecasted yield - BETA,,%.0F Wh,%.0F,%.0F Wh;
1549,vrm_inv_crg_yield_3_fc2,Inverter/Charger tracker 3 forecasted yield - BETA,,%.0F Wh,%.0F,%.0F Wh;
1552,vrm_pv_crg_yield_0_fc2,MPPT RS tracker 0 forecasted yield - BETA,,%.0F Wh,%.0F,%.0F Wh;
1553,vrm_pv_crg_yield_1_fc2,MPPT RS tracker 1 forecasted yield - BETA,,%.0F Wh,%.0F,%.0F Wh;
1554,vrm_pv_crg_yield_2_fc2,MPPT RS tracker 2 forecasted yield - BETA,,%.0F Wh,%.0F,%.0F Wh;
1555,vrm_pv_crg_yield_3_fc2,MPPT RS tracker 3 forecasted yield - BETA,,%.0F Wh,%.0F,%.0F Wh;
1556,vrm_yield_today_fc,Total solar forecasted yield for today,,%.0F,%.0F,%.0F;
1557,vrm_yield_today_fc2,Total solar forecasted yield for today - BETA,,%.0F,%.0F,%.0F;
1558,vrm_day_ahead_acc_fc,PV Yield model day-ahead accuracy,,%.0F,%.0F,%.0F;
1559,vrm_day_ahead_acc_fc2,PV Yield model day-ahead accuracy - BETA,,%.0F,%.0F,%.0F;
1560,vrm_mape_fc,PV Yield model day-ahead MAPE,,%.0F,%.0F,%.0F;
1561,vrm_mape_fc2,PV Yield model day-ahead MAPE - BETA,,%.0F,%.0F,%.0F;
1562,vrm_smape_fc,PV Yield model day-ahead SMAPE,,%.0F,%.0F,%.0F;
1563,vrm_smape_fc2,PV Yield model day-ahead SMAPE - BETA,,%.0F,%.0F,%.0F;
1564,vrm_consumption_fc_adj,User adjusted consumption forecast,,%.0F kWh,%.2F,%.0F kWh;
1567,evconn,Connection,,%s,%s,%s;
1569,alE1,Error identifier 2,,%s,%s,%s;
1570,alE2,Error identifier 3,,%s,%s,%s;
1571,alE3,Error identifier 4,,%s,%s,%s;
1572,alE4,Error identifier 5,,%s,%s,%s;
1573,alE5,Error identifier 6,,%s,%s,%s;
1574,alE6,Error identifier 7,,%s,%s,%s;
1575,alE7,Error identifier 8,,%s,%s,%s;
1576,alE0,Error identifier 1,,%s,%s,%s;
1577,deas,DESS Strategy,,%s,%s,%s;
1579,dear,DESS Restrictions,,%s,%s,%s;
1580,deaf,DESS AllowGridFeedIn,,%s,%s,%s;
1581,gv,Firmware version,,%s,%s,%s;
1582,gada,GX Auto start/stop disabled,,%s,%s,%s;
1585,gara,Remote start is disabled on the genset,,%s,%s,%s;
1587,vrm_consum_mape_fc_live,Consumption model day-ahead MAPE - LIVE,,%.0F,%.0F,%.0F;
1588,vrm_consum_1_day_fc_live,Total (day-ahead) forecasted consumption - LIVE,,%.0F,%.0F,%.0F;
1589,Bm,Manufacturer,,%s,%s,%s;
1590,Bf,Family,,%s,%s,%s;
1591,Bci,Connection information,,%s,%s,%s;
1592,defci,DESS full charge interval,,%s days,%s,%s days;
1593,defcd,DESS full charge duration,,%s hours,%s,%s hours;
1594,vrm_consumption_fc_beta,Consumption Forecast Beta model,,%.0F kWh,%.2F,%.0F kWh;
1599,mcVCId,Minimum cell voltage Cell ID,,%s,%s,%s;
1600,McVCId,Maximum cell voltage Cell ID,,%s,%s,%s;
1601,mcTCId,Minimum cell temperature Cell ID,,%s,%s,%s;
1602,McTCId,Maximum cell temperature Cell ID,,%s,%s,%s;
1603,vrm_consum_1_day_fc_beta,Total (day-ahead) forecasted consumption - BETA,,%.0F,%.0F,%.0F;
1604,vrm_consum_mape_fc_beta,Consumption model day-ahead MAPE - BETA,,%.0F,%.0F,%.0F;
1606,vrm_ffcs,DESS forced full charge scheduling - periodic full charge,,%s,%s,%s;
1607,Got,Engine Oil Temperature,,%.1F °C,%.1F,%.1F °C;
1610,mdr,AC Input Disconnection Reason,,%s,%s,%s;
1612,vrm,VRM Portal Mode,,%s,%s,%s;
1613,mesc,Multi-RS short circuit alarm,,%s,%s,%s;
1614,mSu,Multi-RS sustain active,,%s,%s,%s;
1615,Gei,Generator error 0,,%s,%s,%s;
1616,Gei1,Generator error 1,,%s,%s,%s;
1617,Gei2,Generator error 2,,%s,%s,%s;
1618,Gei3,Generator error 3,,%s,%s,%s;
1619,Gei4,Generator error 4,,%s,%s,%s;
1620,Gei5,Generator error 5,,%s,%s,%s;
1621,Gei6,Generator error 6,,%s,%s,%s;
1622,Gei7,Generator error 7,,%s,%s,%s;
1623,eA,Alarm notification,,%s,%s,%s;
1624,accn,AC System custom name,,%s,%s,%s;
1625,aPC,Number of phases,,%d,%d,%d;
1626,ani,Number of AC inputs,,%d,%d,%d;
1627,aAI,Active input,,%s,%s,%s;
1628,aps,ESS AC Power setpoint,,%d W,%d,%d W;
1629,acs,Mode,,%s,%s,%s;
1630,ams,Minimum SoC limit,,%d %%,%d,%d %%;
1631,aM,ESS Mode,,%s,%s,%s;
1632,aS,State,,%s,%s,%s;
1633,aIL,AC Input current limit,,%d A,%d,%d A;
1634,aIA,AC Input current limit adjustable,,%s,%s,%s;
1635,aIV1,Input voltage L1,,%.1F V,%.1F,%.1F V;
1636,aIP1,Input power L1,,%d W,%d,%d W;
1637,aII1,Input current L1,,%.1F A,%.1F,%.1F A;
1638,aIF1,Input frequency,,%.1F Hz,%.1F,%.1F Hz;
1639,aIV2,Input voltage L2,,%.1F V,%.1F,%.1F V;
1640,aIP2,Input power L2,,%d W,%d,%d W;
1641,aII2,Input current L2,,%.1F A,%.1F,%.1F A;
1642,aIV3,Input voltage L3,,%.1F V,%.1F,%.1F V;
1643,aIP3,Input power L3,,%d W,%d,%d W;
1644,aII3,Input current L3,,%.1F A,%.1F,%.1F A;
1645,aOV1,Output voltage L1,,%.1F V,%.1F,%.1F V;
1646,aOP1,Output power L1,,%d W,%d,%d W;
1647,aOI1,Output current L1,,%.1F A,%.1F,%.1F A;
1648,aOF1,Output frequency,,%.1F Hz,%.1F,%.1F Hz;
1649,aOV2,Output voltage L2,,%.1F V,%.1F,%.1F V;
1650,aOP2,Output power L2,,%d W,%d,%d W;
1651,aOI2,Output current L2,,%.1F A,%.1F,%.1F A;
1652,aOV3,Output voltage L3,,%.1F V,%.1F,%.1F V;
1653,aOP3,Output power L3,,%d W,%d,%d W;
1654,aOI3,Output current L3,,%.1F A,%.1F,%.1F A;
1656,agl,Grid lost alarm,,%s,%s,%s;
1657,aPr,Phase rotation alarm,,%s,%s,%s;
1658,Bbs,Balancer Status,,%s,%s,%s;
1659,slce,SmartLithium Communication Error,,%s,%s,%s;
1660,slve,SmartLithium Voltage Error,,%s,%s,%s;
1661,slbc,SmartLithium Number of Batteries Error,,%s,%s,%s;
1662,slic,SmartLithium Invalid Configuration Error,,%s,%s,%s;
1663,mAI,Active input,,%s,%s,%s;
1664,AIT,Active Input Service Type,,%s,%s,%s;
1665,TSe,Tailscale enabled,,%s,%s,%s;
1666,TSs,Tailscale state,,%s,%s,%s;
1667,TSae,Allow access to local ethernet network,,%s,%s,%s;
1668,TSaw,Allow access to local WiFi network,,%s,%s,%s;
1669,TSr,Networks accessible over the VPN,,%s,%s,%s;
1670,TSa,Custom arguments when starting the service,,%s,%s,%s;
1671,TSu,URL the client connects to,,%s,%s,%s;
1672,TSh,Name of Venus device on the VPN,,%s,%s,%s;
1673,TS4,IPV4 address on the VPN,,%s,%s,%s;
1674,TS6,IPv6 address on the VPN,,%s,%s,%s;
1675,TSl,The One-time link needed to join the device to the VPN,,%s,%s,%s;
1676,vrm_fc_reset,Installation forecasts were reset,,%s,%s,%s;
1677,vrm_pv_fc_model,Model used for solar forecasting,,%s,%s,%s;
1678,vrm_irradiance_today_fc,Total forecasted solar irradiance for today,,,,;
1679,vrm_irradiance_mape_fc,Solar Irradiance forecast day-ahead MAPE,,,,;
1680,a1v,AC Meter voltage L1,,%.1F V,%.2F,%.1F V;
1681,a1c,AC Meter current L1,,%.1F A,%.1F,%.1F A;
1682,a2v,AC Meter voltage L2,,%.1F V,%.2F,%.1F V;
1683,a2c,AC Meter current L2,,%.1F A,%.1F,%.1F A;
1684,a3v,AC Meter voltage L3,,%.1F V,%.2F,%.1F V;
1685,a3c,AC Meter current L3,,%.1F A,%.1F,%.1F A;
1686,aF,AC Meter frequency,,%.1F Hz,%.1F,%.1F Hz;
1687,FP,DC Generator model,,%s,%s,%s;
1688,Fv,Firmware Version,,%s,%s,%s;
1689,Fas,Remote start mode,,%s,%s,%s;
1690,Fcn,DC Generator custom name,,%s,%s,%s;
1691,FST,Genset Status,,%s,%s,%s;
1692,Fei,DC Generator error 0,,%s,%s,%s;
1693,Fei1,DC Generator error 1,,%s,%s,%s;
1694,Fei2,DC Generator error 2,,%s,%s,%s;
1695,Fei3,DC Generator error 3,,%s,%s,%s;
1696,Fei4,DC Generator error 4,,%s,%s,%s;
1697,Fei5,DC Generator error 5,,%s,%s,%s;
1698,Fei6,DC Generator error 6,,%s,%s,%s;
1699,Fei7,DC Generator error 7,,%s,%s,%s;
1711,Fet,Exhaust gas temperature,,%.1F °C,%.1F,%.1F °C;
1712,Fdc,DC Output Current,,%.1F A,%.1F,%.1F A;
1713,Fdv,DC Output Voltage,,%.1F V,%.1F,%.1F V;
1714,Fct,Engine temperature,,%.1F °C,%.1F,%.1F °C;
1715,Fel,Engine load as Percentage,,%.1F %,%.1F,%.1F %;
1716,Fop,Engine Oil Pressure,,%.2F kPa,%.2F,%.2F kPa;
1717,Fot,Engine Oil Temperature,,%.1F °C,%.1F,%.1F °C;
1718,Feo,Operating time in seconds,,%s s,%s,%s s;
1719,Fes,Engine RPM,,%s RPM,%s,%s RPM;
1720,Fwt,Internal temperature of alternator/generator,,%.1F °C,%.1F,%.1F °C;
1721,Fsv,Starter battery voltage,,%.1F V,%.1F,%.1F V;
1722,GUIv,GUI version,,%s,%s,%s;
1723,daE,Energy delta,,%.2F kWh,%.2F,%.2F kWh;
1724,vrm_consum_evcs_fc_beta,EVCS Consumption Beta Forecast,,%.0F kWh,%.2F,%.0F kWh;
1725,hP,Product ID,,%s,%s,%s;
1726,hs,Serial number,,%s,%s,%s;
1727,hcn,Custom name,,%s,%s,%s;
1728,hS,Heatpump state,,%d,%d,%d;
1729,ht,Temperature,,%.1F °C,%.1F,%.1F °C;
1730,hT,Target temperature,,%.1F °C,%.1F,%.1F °C;
1731,hpp,Heatpump power,,%d W,%d,%d W;
1732,hf,Forward energy,,%.2F kWh,%.2F,%.2F kWh;
1733,dhE,Energy delta,,%.2F kWh,%.2F,%.2F kWh;
1734,av,Firmware version,,%s,%s,%s;
1735,hv,Firmware version,,%s,%s,%s;
1736,sm,Modified GX,,%s,%s,%s;
1737,cs,Custom startup,,%s,%s,%s;
1738,aIM,AC Input current limit at Energy Meter,,%d A,%d,%d A;
1739,asl,Active SoC Limit,,%d %%,%d,%d %%;
1740,cf1,VE.Can 2 (SPI) Status,,%s,%s,%s;
1741,crp1,VE.Can 2 SPI retry percentage,,%d %%,%d,%d %%;
1742,Gp,Genset total power,,%d W,%d,%d W;
